ID,Nom,Departement,Date_Embauche,Age,Ville,Salaire,Teletravail,Projet,Heures_Semaine,Ventes_Mois01,Ventes_Mois02,Ventes_Mois03,Ventes_Mois04,Ventes_Mois05,Ventes_Mois06,Ventes_Mois07,Ventes_Mois08,Ventes_Mois09,Ventes_Mois10,Ventes_Mois11,Ventes_Mois12,Prime,Performance_Score,Satisfaction,Formation,Salaire_Annuel,Salaire_Total,Anciennete,Categorie_Age,Score_Pondere
1,Tracy Krause,RH,2016-11-15,44,East Jennyside,5838,Non,Projet B,39,4022,3030,1618,3860,2454,3447,1705,1530,3593,1170,2976,3054,1143,82,1.8,Python,70056,71199,9,Senior,73.8
2,Meghan Mcmillan,Ventes,2014-07-20,32,Cindymouth,4414,Non,Projet B,38,1111,3990,3098,2530,2309,2555,3156,4987,4325,2842,4061,2602,1466,66,4.2,Python,52968,54434,11,Confirme,72.6
3,Carol Rogers,Ventes,2011-09-02,32,Port Christina,5644,Oui,Projet B,41,2904,2794,1071,1347,1374,4023,4793,2733,1788,4213,1526,3527,1934,63,1.6,Python,67728,69662,14,Confirme,88.2
4,Luis Navarro MD,Marketing,2020-08-30,59,Carsonside,3401,Non,Projet C,47,3161,1451,1415,2437,1146,1770,2085,1731,2879,2442,1699,2660,1234,95,4.9,Python,40812,42046,5,Senior,47.5
5,Jacob Allen,Finance,2022-08-15,52,South Joshua,6915,Non,Projet C,46,4389,3682,1692,2587,4174,1085,4338,4163,1352,2525,4949,3329,1596,52,2.2,Management,82980,84576,3,Senior,15.6
6,Sean Smith,Finance,2016-02-12,44,Turnerland,3651,Non,Projet A,49,2830,1487,3073,1707,1323,3517,2755,2060,1011,3224,1050,4047,809,70,1.1,Management,43812,44621,9,Senior,63.0
7,Kyle Taylor,Marketing,2018-09-16,23,Jenniferview,4230,Oui,Projet D,39,4470,1034,4806,4920,1348,4290,4014,3665,4199,3980,1376,3634,1985,70,2.7,Excel avanc�,50760,52745,7,Junior,49.0
8,Heather Moore,Marketing,2022-04-06,57,Elizabethstad,3915,Non,Projet C,46,1403,1871,4592,3353,1552,4909,3779,1952,3296,4709,1980,3006,821,52,1.4,Management,46980,47801,3,Senior,15.6
9,Steve Contreras,RH,2023-07-24,22,East Brittanytown,2574,Oui,Projet C,35,2542,3977,2699,4540,2640,2173,3929,4484,4598,2840,1228,2692,886,61,2.9,Data Science,30888,31774,2,Junior,12.2
10,Mark Escobar,Finance,2024-07-26,52,Jamesburgh,6107,Non,Projet C,45,4133,2987,3789,1434,2886,2385,2016,1648,4841,4802,2202,4230,1925,95,1.3,Management,73284,75209,1,Senior,9.5
11,Richard Leonard,Marketing,2020-03-14,48,North Anthony,4823,Oui,Projet D,47,3424,2967,2880,1652,4094,3313,1223,2201,2583,1777,3034,1428,629,60,2.6,Data Science,57876,58505,5,Senior,30.0
12,Peggy Miller,IT,2019-10-15,49,North Jane,3852,Non,Projet A,37,4306,3732,1289,2114,3311,2342,4255,1084,4885,3960,3309,3283,987,78,2.4,Management,46224,47211,6,Senior,46.8
13,Brett Lee,RH,2022-04-02,25,Danielfurt,3888,Oui,Projet D,49,1937,2379,4764,1306,4131,2718,4044,4798,1267,3249,4428,3288,845,84,4.5,Data Science,46656,47501,3,Junior,25.2
14,Derek Lin,IT,2024-08-15,36,South Kevinhaven,4412,Oui,Projet A,40,4237,4401,2626,2256,4740,3681,3468,1461,1992,2354,4808,4043,1308,92,2.3,Excel avanc�,52944,54252,1,Confirme,9.2
15,Dennis Williams,RH,2018-02-22,22,Nelsonmouth,2263,Oui,Projet A,43,1565,4496,1957,3175,2009,4469,2750,4463,1191,4924,4365,3238,1293,78,3.1,Python,27156,28449,7,Junior,54.6
16,Alejandro Wagner,Finance,2011-11-12,33,West Phillip,2684,Non,Projet B,39,3709,1510,2602,2024,3712,4148,3857,4666,3074,1744,3853,1243,1896,63,2.9,Python,32208,34104,14,Confirme,88.2
17,Rhonda Adams,Ventes,2024-01-17,56,South Ronaldborough,6443,Non,Projet A,48,3373,2540,1104,3960,3223,1132,1873,4812,1276,2920,3971,3299,731,79,3.1,Python,77316,78047,1,Senior,7.9
18,Adrian Smith,Finance,2014-01-19,39,Janetside,6784,Oui,Projet D,41,4193,2440,1266,1746,4552,3853,4407,1401,3598,1526,4492,3000,1896,66,3.7,Management,81408,83304,11,Confirme,72.6
19,Amanda David,RH,2024-04-26,24,Batesfort,6962,Oui,Projet B,47,1303,2500,2844,1749,4811,2072,3574,4683,3899,4174,3812,2385,1978,50,3.7,Data Science,83544,85522,1,Junior,5.0
20,Vickie Levy,Marketing,2018-06-13,44,East Michaelport,4749,Non,Projet A,40,4474,4593,4951,4720,2129,1471,1454,3351,4874,2117,1080,1525,1611,68,3.7,Data Science,56988,58599,7,Senior,47.6
21,Melissa Scott,Ventes,2020-12-12,48,Port Chadhaven,2915,Non,Projet B,45,4395,4261,2939,3502,1513,4113,4905,4967,2778,4606,4079,4635,800,59,3.0,Python,34980,35780,5,Senior,29.5
22,Kelly Downs,Ventes,2010-10-02,34,South James,6702,Oui,Projet D,43,1498,2203,1811,3308,2491,4151,2953,3438,4270,4754,3320,4005,1212,76,2.8,Excel avanc�,80424,81636,15,Confirme,114.0
23,Andrew Watson,Marketing,2022-03-22,48,Lake Patricialand,4402,Non,Projet D,45,3907,3800,3894,2357,1021,3552,2896,2669,3448,4309,3056,2394,742,62,1.1,Data Science,52824,53566,3,Senior,18.6
24,Shawn Gray,Finance,2024-04-25,55,Nicholsborough,3325,Non,Projet C,46,3974,3682,4052,3943,1404,1103,1294,1493,4341,2361,2670,4326,1190,68,1.9,Excel avanc�,39900,41090,1,Senior,6.8
25,Erin Singh,Finance,2014-06-25,35,East Katherine,5409,Non,Projet C,50,4737,4466,2322,2970,1986,2995,4590,3497,3637,1565,2482,3571,862,56,2.8,Python,64908,65770,11,Confirme,61.6
26,Melissa Hancock,RH,2021-09-11,27,West Toni,6166,Oui,Projet C,41,3142,3894,1995,4568,1802,3283,1107,2064,2194,1772,2848,1976,1682,57,4.7,Excel avanc�,73992,75674,4,Junior,22.8
27,Alexis Gonzalez,Marketing,2019-08-06,60,Sampsonstad,3551,Oui,Projet A,44,1604,1115,1045,4675,2697,3406,2470,4030,1760,1357,4984,1872,1975,91,1.7,Management,42612,44587,6,Senior,54.6
28,Sean Holland,Marketing,2019-05-30,40,Townsendborough,4352,Non,Projet C,48,4071,2833,1631,1207,2906,1865,1660,4382,1192,1559,1098,4614,725,58,4.3,Python,52224,52949,6,Confirme,34.8
29,Lauren Ayala,IT,2018-07-26,59,Angelaside,3388,Non,Projet C,42,2657,1842,4900,3981,2076,2454,3077,1789,2290,1091,4699,2926,719,94,1.3,Data Science,40656,41375,7,Senior,65.8
30,Kenneth Clark,IT,2023-12-09,55,New Kristin,3230,Non,Projet C,41,4120,4382,2392,2068,4518,3420,1093,2576,3884,1769,2973,2771,1812,80,1.9,Data Science,38760,40572,2,Senior,16.0
31,Theodore Thomas,RH,2024-06-07,60,Lauraside,6605,Non,Projet C,35,3852,1106,1338,2485,2377,4726,1691,3221,2211,1211,1684,4536,728,73,4.9,Excel avanc�,79260,79988,1,Senior,7.3
32,Lindsey Martinez,Finance,2013-11-24,48,Donaldberg,4972,Non,Projet B,48,4242,4504,1577,4200,4716,1986,1309,2679,1961,3961,3081,3329,1905,72,3.2,Management,59664,61569,12,Senior,86.4
33,Stacey Little,RH,2023-10-03,55,Harrisonfort,2673,Non,Projet C,37,3295,3579,2355,3423,2986,4001,2798,1076,3429,4590,3811,4276,1975,95,4.8,Python,32076,34051,2,Senior,19.0
34,Edwin Rosales,Marketing,2022-01-09,55,Patrickmouth,3306,Non,Projet D,48,1191,4239,4122,4795,4976,2298,3469,1290,4925,4148,2362,3258,1207,66,3.5,Management,39672,40879,3,Senior,19.8
35,Lance Goodwin,Marketing,2022-11-24,47,North Alicia,3801,Non,Projet D,47,1750,1082,3090,3578,2772,4355,3454,2885,3883,1341,4073,2011,690,52,4.4,Excel avanc�,45612,46302,3,Senior,15.6
36,Mark Marshall,IT,2014-10-08,57,Larryfort,5116,Oui,Projet D,49,2903,1146,4640,3748,3749,4974,3814,1986,1836,1141,3776,1371,742,96,2.8,Excel avanc�,61392,62134,11,Senior,105.6
37,Melissa Rodriguez,Finance,2021-02-01,58,Garciaberg,4291,Oui,Projet B,48,1048,4485,2773,4991,4291,1264,2521,1015,3828,3536,4847,1962,1024,93,1.9,Data Science,51492,52516,4,Senior,37.2
38,Joseph Sweeney,RH,2012-02-29,45,South Jonathon,5079,Non,Projet B,46,4761,1348,2773,3800,2310,2238,4895,3450,3742,4757,4611,1488,1174,99,1.9,Data Science,60948,62122,13,Senior,128.7
39,Mindy Ayala,RH,2013-03-11,53,Bradleyside,2481,Non,Projet C,44,3453,3554,4784,4427,4168,3949,4551,3982,4517,1217,3303,4818,1052,84,3.4,Data Science,29772,30824,12,Senior,100.8
40,Willie Brown,Marketing,2020-06-14,38,Port William,5120,Oui,Projet C,38,3313,3378,2207,2731,4434,3481,3491,3566,3017,3634,2762,3133,1811,51,2.5,Python,61440,63251,5,Confirme,25.5
41,Justin Hudson,Ventes,2015-08-31,35,West Tiffanyburgh,6042,Oui,Projet A,44,4464,1836,3598,3007,3733,1454,3984,4040,3439,3522,3467,2159,1183,73,1.6,Data Science,72504,73687,10,Confirme,73.0
42,Kyle Richardson,Ventes,2022-09-16,29,New Jose,2365,Oui,Projet D,46,2357,1116,3122,3129,4459,4598,1802,1577,2444,3826,1347,2575,626,63,3.3,Excel avanc�,28380,29006,3,Junior,18.9
43,Dr. Mary Valencia,Marketing,2017-09-13,53,East Jacqueline,3924,Oui,Projet D,48,2280,3901,2713,1363,1603,2405,2061,3378,4265,1820,2556,3966,1786,66,2.7,Management,47088,48874,8,Senior,52.8
44,Kenneth Trujillo,IT,2012-11-23,42,East Brettville,4328,Non,Projet C,50,4017,1248,2810,4915,2008,2062,4288,4887,2206,2154,3607,4013,1832,51,2.6,Python,51936,53768,13,Senior,66.3
45,Calvin Brooks,Finance,2017-06-21,29,West Jenniferhaven,2042,Non,Projet B,46,2276,3881,3999,1240,3515,4910,3496,4195,3020,4815,1599,1593,1964,58,2.9,Excel avanc�,24504,26468,8,Junior,46.4
46,John Jones,Finance,2012-04-02,40,North Roberthaven,2476,Oui,Projet C,42,2281,4280,1057,3925,4116,3771,3780,1163,2938,2240,1748,1272,984,69,2.9,Python,29712,30696,13,Confirme,89.7
47,Danny Ruiz,Ventes,2016-08-31,32,Randallburgh,2141,Oui,Projet A,41,2105,2741,4006,3889,2546,3489,1700,1478,2590,3792,4148,4910,1562,76,1.1,Excel avanc�,25692,27254,9,Confirme,68.4
48,Chloe Anderson,IT,2015-05-30,49,New Marc,4203,Oui,Projet C,36,4576,3347,4503,2715,2512,4737,3995,1958,1605,2164,1714,2713,1164,96,4.1,Python,50436,51600,10,Senior,96.0
49,Michael Cantu,RH,2020-11-25,35,Josephchester,4495,Non,Projet D,47,3407,4444,4105,2331,1582,1319,3542,1208,4829,3591,4269,3702,1345,63,2.1,Python,53940,55285,5,Confirme,31.5
50,Amanda Jensen,RH,2022-06-01,30,Sloanmouth,6698,Oui,Projet B,42,2808,1727,4798,4725,4639,2026,1529,3713,3465,2396,1785,2086,620,92,4.3,Management,80376,80996,3,Confirme,27.6
51,Kent Barrett DDS,Finance,2018-07-20,43,Stephanieland,4763,Non,Projet D,35,2715,3686,1245,4847,3951,2642,1318,2261,1326,4831,2485,2755,1439,66,3.7,Excel avanc�,57156,58595,7,Senior,46.2
52,David Martinez MD,Ventes,2015-03-11,27,East Conniemouth,6534,Non,Projet C,40,1036,3108,2934,4626,4612,2377,3399,2968,2108,4204,4473,1663,1504,73,2.9,Management,78408,79912,10,Junior,73.0
53,Alexis King,Finance,2019-10-07,22,Lake Jenniferburgh,2750,Non,Projet C,35,4139,4193,1077,2300,2342,3059,3778,3793,3447,4316,2684,2595,1731,81,2.7,Python,33000,34731,6,Junior,48.6
54,Christina Miller,Ventes,2021-06-12,46,Andrewfurt,5876,Non,Projet D,47,3264,4270,2205,4560,1550,3315,4676,2586,1601,1857,2121,1480,1529,61,3.7,Management,70512,72041,4,Senior,24.4
55,Edward Baldwin,Marketing,2018-05-27,56,Isaacborough,5012,Oui,Projet D,49,3355,4527,3339,2152,1280,4223,4537,1864,3719,1583,2114,4661,1787,88,2.4,Python,60144,61931,7,Senior,61.6
56,Ricky Patterson,Marketing,2012-10-20,26,Herreraland,4548,Oui,Projet B,44,2101,2335,1057,2715,3588,3620,4529,4138,3342,2974,4294,1325,1125,73,1.3,Management,54576,55701,13,Junior,94.9
57,Jeanne Vargas,Marketing,2017-09-08,52,Garyport,2520,Oui,Projet A,50,3952,4734,3971,4084,1218,4410,1995,2452,1105,4859,4991,2092,1304,88,3.9,Excel avanc�,30240,31544,8,Senior,70.4
58,Monica Ferguson,Ventes,2017-03-16,32,Michaelmouth,6890,Non,Projet C,42,3043,2549,2461,4762,3345,2661,3758,1022,1958,1764,1832,3789,553,68,3.3,Management,82680,83233,8,Confirme,54.4
59,Mr. James Stanley DVM,Marketing,2017-11-27,45,Port Mirandaview,3520,Non,Projet D,41,1851,1347,1688,3053,3724,4020,1013,4040,1968,2724,3861,4749,1012,97,1.1,Management,42240,43252,8,Senior,77.6
60,Timothy Clayton,Finance,2019-09-04,36,Ruizbury,6480,Oui,Projet B,49,1487,3496,3271,2643,2266,4819,3167,2477,2963,3607,3703,1931,1157,75,3.3,Python,77760,78917,6,Confirme,45.0
61,David Santos,Ventes,2015-04-28,54,East Sergiochester,6954,Oui,Projet A,42,4404,2944,4763,1936,1129,3079,3036,3226,2497,1401,4271,3084,1052,79,3.4,Excel avanc�,83448,84500,10,Senior,79.0
62,Mary Ramirez,Ventes,2013-10-14,27,New Joel,6868,Oui,Projet C,35,3563,1191,3461,2876,4340,3523,1685,2385,4363,4027,1191,4999,1088,67,3.5,Data Science,82416,83504,12,Junior,80.4
63,Heather Lee,RH,2018-02-17,42,South Samuel,5884,Non,Projet D,42,3959,1119,4316,2083,4360,1113,2723,2765,1038,2433,4289,4781,1127,77,2.9,Excel avanc�,70608,71735,7,Senior,53.9
64,Ryan Gonzalez,RH,2014-09-15,27,Cantufort,4559,Oui,Projet C,41,4682,1253,4808,4825,4719,3537,1504,3892,2958,4883,3195,4645,1319,50,4.5,Python,54708,56027,11,Junior,55.0
65,John Peterson,IT,2011-07-24,31,North Daniel,5942,Non,Projet A,36,1788,3692,3036,4100,3977,4777,3106,2787,2408,3435,2290,2955,942,90,2.1,Management,71304,72246,14,Confirme,126.0
66,Gregory Arnold,Ventes,2022-05-02,26,North Ashley,2494,Non,Projet D,49,3002,4195,1349,3431,4798,2853,2015,1216,4921,3764,1421,4771,929,58,2.1,Management,29928,30857,3,Junior,17.4
67,David Smith,IT,2020-06-25,51,Stephenstad,3250,Non,Projet C,43,3968,1809,3823,4328,3313,4827,2755,3307,4046,2714,2042,1221,579,51,3.3,Data Science,39000,39579,5,Senior,25.5
68,April Gallagher,RH,2013-08-25,60,Matthewchester,4653,Oui,Projet D,35,3515,1758,1345,4652,2329,3863,4389,3293,1902,1712,3282,3002,608,85,2.0,Data Science,55836,56444,12,Senior,102.0
69,Andrea Jones,Marketing,2012-06-01,31,East Billyfort,3375,Oui,Projet C,42,3136,2198,1606,4355,3878,4485,2868,1182,4761,2014,2138,2878,1164,68,2.8,Excel avanc�,40500,41664,13,Confirme,88.4
70,Kayla Mckay,Finance,2013-08-25,54,Jacksonville,3947,Non,Projet C,43,4273,3498,2861,2227,2946,2427,4489,4746,2932,2793,4133,4786,753,65,4.1,Excel avanc�,47364,48117,12,Senior,78.0
71,Patricia Clark,Marketing,2020-01-30,30,Angieport,4241,Oui,Projet C,49,4152,1864,3534,4198,1837,3186,2213,3786,1489,4292,4778,2129,810,87,1.2,Python,50892,51702,5,Confirme,43.5
72,Collin Johnson IV,IT,2022-05-02,32,South Teresafort,5822,Oui,Projet A,37,1544,3628,2793,2443,4629,3222,4774,1596,4317,4974,2276,2791,860,84,3.8,Python,69864,70724,3,Confirme,25.2
73,Samantha Hoover,Ventes,2021-03-01,44,Denisemouth,2569,Oui,Projet B,46,2251,4152,1217,1613,3940,1988,3057,1800,3818,4536,2227,4581,921,56,4.2,Python,30828,31749,4,Senior,22.4
74,Michael Martinez,Marketing,2020-03-27,25,South James,3103,Oui,Projet C,37,2467,1011,3711,1200,4879,4685,2072,3841,3114,2138,2833,4905,1767,76,4.4,Data Science,37236,39003,5,Junior,38.0
75,Jonathan Ruiz,Finance,2011-05-04,55,Browningland,3741,Non,Projet D,39,4031,4227,3041,1251,3034,3443,1540,1795,4809,2971,1943,4896,1361,95,1.8,Excel avanc�,44892,46253,14,Senior,133.0
76,Selena Gutierrez,Finance,2012-04-03,26,Baileyshire,4111,Non,Projet A,38,2865,4206,1585,4325,4363,3792,3475,2299,3933,3222,3846,1812,1853,67,4.3,Data Science,49332,51185,13,Junior,87.1
77,Elizabeth Mejia,Marketing,2023-05-05,46,Hutchinsonhaven,3566,Non,Projet B,49,2701,4790,2069,1267,2716,3854,1962,4215,2185,4987,3823,4169,1528,96,3.9,Python,42792,44320,2,Senior,19.2
78,Glenn French,Finance,2011-11-25,34,Jameschester,4425,Oui,Projet D,45,2139,4619,2386,3190,4997,1006,4774,3342,4860,2332,4154,2389,1462,99,1.7,Python,53100,54562,14,Confirme,138.6
79,Jacob Collins,Finance,2014-11-26,58,Jenniferport,6979,Non,Projet A,45,3249,3796,1942,1024,2847,3751,3152,3068,1600,1168,1548,3744,790,77,3.6,Data Science,83748,84538,11,Senior,84.7
80,Lance Moreno,Marketing,2023-09-28,32,Laurenfort,4120,Oui,Projet D,42,2329,2545,3431,2143,4015,4216,4171,3062,3905,3989,2941,2127,860,64,3.8,Python,49440,50300,2,Confirme,12.8
81,Daniel Vasquez,Marketing,2013-01-29,22,Davidfort,6357,Non,Projet A,35,3325,4633,3731,1792,4484,3413,2346,1270,2660,2538,1772,3250,568,60,4.0,Python,76284,76852,12,Junior,72.0
82,Carol Miller,RH,2015-02-09,27,East Tyler,3516,Non,Projet B,47,1976,2570,3798,4723,1079,4344,3007,2351,4976,1189,3169,1784,1065,68,4.4,Data Science,42192,43257,10,Junior,68.0
83,Jeffrey Thomas,RH,2020-01-19,31,South Mike,6684,Oui,Projet D,40,1321,3260,1474,4232,1946,1863,4540,4097,1302,2712,1696,3707,1679,89,1.5,Management,80208,81887,5,Confirme,44.5
84,Anthony Edwards,IT,2018-05-12,41,New Rebecca,3227,Non,Projet B,44,3767,1008,1487,3569,1232,1839,3514,2116,4390,3458,3347,3947,1598,79,3.4,Management,38724,40322,7,Senior,55.3
85,Kayla Rowe,Finance,2013-01-28,49,Davisberg,6453,Non,Projet C,46,4303,4608,4345,1995,3576,1512,1538,1553,2231,3532,2197,4109,952,53,2.3,Excel avanc�,77436,78388,12,Senior,63.6
86,Vanessa Brown,Marketing,2015-03-15,37,Port Crystalville,5747,Non,Projet B,47,1531,1976,4024,2418,2023,3293,3047,4287,2020,3668,1006,1345,1442,91,1.0,Data Science,68964,70406,10,Confirme,91.0
87,Joseph Anderson,IT,2017-01-26,46,South Markfurt,5810,Oui,Projet D,47,3960,2987,1103,3742,2892,1864,4987,3329,3444,4633,2515,2897,1627,63,1.4,Python,69720,71347,8,Senior,50.4
88,Nathan Butler,Marketing,2019-08-15,29,Daleville,4889,Non,Projet B,39,2713,2267,4128,4270,3380,3357,3981,2340,1466,2099,3407,4923,692,85,4.4,Python,58668,59360,6,Junior,51.0
89,Monica Roberts,Ventes,2020-08-16,27,Robertsontown,6624,Oui,Projet B,45,2426,1071,3552,4215,2454,1857,1543,2426,3356,1692,3452,4424,1320,64,2.2,Excel avanc�,79488,80808,5,Junior,32.0
90,Adam Case,Ventes,2011-10-02,39,East Julieburgh,6417,Non,Projet C,41,1274,3352,4253,1801,1406,1132,3652,2912,1136,1789,1553,3314,1180,82,1.2,Excel avanc�,77004,78184,14,Confirme,114.8
91,Michelle Rosales,Ventes,2024-02-09,22,New Kellyfort,6835,Non,Projet C,35,4102,1657,3223,2312,1392,1797,2112,1023,3728,1316,2677,2976,1850,85,3.4,Data Science,82020,83870,1,Junior,8.5
92,Anthony Thomas,IT,2013-08-22,36,Lake Michael,6826,Oui,Projet B,39,1361,4918,4608,1106,4265,4351,2080,4766,4870,2381,4511,3993,862,56,2.4,Python,81912,82774,12,Confirme,67.2
93,John Robinson,IT,2014-09-11,35,South Josephchester,5447,Non,Projet A,41,2544,4084,3952,4980,2355,3810,1663,2073,3205,4500,1244,1001,1578,50,2.1,Data Science,65364,66942,11,Confirme,55.0
94,Kristina Allen,Marketing,2017-03-03,46,Brownberg,5747,Oui,Projet A,41,3442,4417,4595,4042,3874,3131,2853,1511,2125,3386,1494,1198,1598,67,1.9,Management,68964,70562,8,Senior,53.6
95,Teresa Vasquez,IT,2022-03-12,31,East Eric,6702,Non,Projet B,37,1760,4617,1940,3493,4494,4728,1934,2985,4344,4456,3607,3654,1638,72,2.7,Management,80424,82062,3,Confirme,21.6
96,Anthony Bowen,Marketing,2021-01-25,36,Kimberlystad,3035,Oui,Projet D,42,2724,4394,3879,3395,1528,4344,2112,3111,1311,4838,2179,1210,1932,96,4.5,Excel avanc�,36420,38352,4,Confirme,38.4
97,Tammy Brown,RH,2013-02-26,31,Port Scottmouth,6319,Oui,Projet D,36,2548,4898,1746,4096,1769,2900,1249,2715,2271,4936,1071,2888,516,88,4.5,Management,75828,76344,12,Confirme,105.6
98,Anthony Nichols,Marketing,2015-11-17,28,Taylorbury,4940,Non,Projet A,42,3376,1965,1346,4777,2096,1409,3239,2276,1553,1785,1324,2530,1157,67,3.9,Data Science,59280,60437,10,Junior,67.0
99,Brenda Harmon,Finance,2022-07-11,34,Beverlyfort,6135,Non,Projet C,45,1575,4587,2357,3873,3664,2041,3506,3841,2534,2908,3283,4590,853,54,4.0,Python,73620,74473,3,Confirme,16.2
100,Mr. Lee Jones MD,Marketing,2024-09-11,44,Woodsstad,4365,Non,Projet D,36,4323,2913,2222,3690,3499,3641,4083,4555,2588,4466,1244,2597,1072,70,4.8,Python,52380,53452,1,Senior,7.0
101,Mr. Timothy Nash,Marketing,2013-11-28,45,Stephanieland,2859,Oui,Projet C,37,3289,3541,3363,4677,2868,2379,2791,4111,4439,4279,1029,3720,1801,81,4.5,Python,34308,36109,12,Senior,97.2
102,Emma Snyder,Finance,2017-09-28,57,Dixonfurt,6471,Non,Projet C,48,4580,3512,3483,2970,2425,2053,3848,1390,3409,1220,1914,1311,582,73,1.6,Data Science,77652,78234,8,Senior,58.4
103,Erica Torres,Ventes,2013-07-01,39,Harrismouth,6276,Oui,Projet A,45,1165,2178,2230,4658,3862,2821,3020,4333,1761,4634,4242,4276,1172,100,2.6,Data Science,75312,76484,12,Confirme,120.0
104,Christian Russell,IT,2020-04-08,47,Jasminestad,6541,Oui,Projet D,47,3951,1714,3832,1440,1259,4712,3860,2823,1105,2518,1537,4743,1289,92,4.9,Management,78492,79781,5,Senior,46.0
105,Brittney Campos,RH,2022-11-27,23,Jontown,6334,Non,Projet B,37,3833,4994,1234,3794,2659,3940,2614,2478,1303,1864,4390,1778,1929,98,4.3,Excel avanc�,76008,77937,3,Junior,29.4
106,Christopher Snyder,RH,2014-06-11,38,West Elizabeth,2236,Oui,Projet D,45,4973,4479,3862,1795,2778,1841,3058,1858,1176,3467,3404,4421,1859,52,4.3,Excel avanc�,26832,28691,11,Confirme,57.2
107,Michael Torres,IT,2015-01-22,52,Joannhaven,4987,Non,Projet B,48,2582,3020,3411,3938,2611,1590,2723,2672,1258,1079,2138,2795,1346,86,4.6,Data Science,59844,61190,10,Senior,86.0
108,Andrew Rush,Ventes,2019-04-05,41,Port Lauriechester,2531,Oui,Projet C,44,2094,2904,2983,2015,1718,3799,4055,4580,2894,3446,2872,4734,715,75,2.0,Data Science,30372,31087,6,Senior,45.0
109,Jonathan Cortez,RH,2020-09-10,43,Terristad,3621,Non,Projet B,49,4668,1206,4984,1117,2373,2305,2033,1811,1995,4078,1561,2951,1163,96,3.4,Management,43452,44615,5,Senior,48.0
110,Michael Lawson,RH,2017-09-10,55,Gutierrezfort,6577,Non,Projet B,42,1578,2302,3938,4516,3222,3534,3041,3860,3724,4220,2641,1281,1491,54,4.7,Management,78924,80415,8,Senior,43.2
111,Allison Jones,Ventes,2019-04-01,53,North Johnberg,3403,Non,Projet A,50,3177,3589,3789,2962,1517,3990,4587,2656,1609,1459,2804,3537,1036,64,5.0,Data Science,40836,41872,6,Senior,38.4
112,Jenny Reed MD,Ventes,2023-08-25,30,Lake Juan,6887,Non,Projet D,40,1693,3172,4399,1399,1347,3902,1828,1389,4568,4963,3731,4201,1381,75,4.2,Management,82644,84025,2,Confirme,15.0
113,Mr. Jeremy Palmer,IT,2024-04-06,25,East Susanbury,6465,Oui,Projet B,43,4266,4398,3320,1445,2658,3178,3773,2151,1969,3505,4302,4955,1610,85,4.5,Data Science,77580,79190,1,Junior,8.5
114,Brandi Allison,Finance,2011-01-25,22,Gloriachester,3124,Oui,Projet B,41,2072,2793,3928,2738,2893,3483,2962,1702,4034,2657,4315,3539,1866,58,3.3,Management,37488,39354,14,Junior,81.2
115,Erin Hogan,Ventes,2022-02-08,58,Rochatown,5011,Oui,Projet C,43,4895,4248,1494,4220,3439,2214,2191,2493,3697,5000,3566,1877,754,96,3.1,Python,60132,60886,3,Senior,28.8
116,Hector Cain,IT,2012-03-21,56,Seanborough,5525,Oui,Projet C,49,1635,4096,2129,2601,3307,3757,4059,3924,1004,2207,2045,3626,1461,99,1.3,Excel avanc�,66300,67761,13,Senior,128.7
117,Robert Perry,Ventes,2016-03-28,32,Martinezville,6770,Oui,Projet C,42,1309,1869,3260,2400,1698,1461,2828,4055,2820,1696,4077,3058,1402,51,4.2,Python,81240,82642,9,Confirme,45.9
118,Nicole Sandoval,Ventes,2011-05-28,49,North Ryan,6946,Oui,Projet B,47,2715,4717,3198,4908,2014,4306,2312,1668,2693,3463,2280,3368,1190,80,1.9,Management,83352,84542,14,Senior,112.0
119,Laura Watson,Marketing,2014-03-09,50,Estradabury,3088,Oui,Projet D,42,1464,1429,3100,2715,4728,3160,2746,3545,3567,2892,4271,4277,546,68,1.4,Python,37056,37602,11,Senior,74.8
120,Jeremiah Clarke,RH,2021-08-13,50,Lisahaven,3563,Non,Projet D,40,1338,1087,4967,1327,2900,2025,4278,3855,4898,2422,4899,4967,799,70,2.1,Python,42756,43555,4,Senior,28.0
121,Dustin Campbell,Marketing,2021-04-20,45,West Justin,4437,Oui,Projet B,47,4141,1302,3251,2334,1041,1025,1623,2168,3274,4905,2379,1905,1995,60,4.4,Management,53244,55239,4,Senior,24.0
122,Kendra Beck,RH,2015-01-16,41,Robertfort,2353,Oui,Projet A,50,3820,1978,1185,2594,3794,1994,3625,3213,1585,1311,3870,1726,1067,68,1.5,Management,28236,29303,10,Senior,68.0
123,Mark Hale,IT,2013-11-12,39,West Erikview,4867,Oui,Projet C,48,2776,3153,3527,4958,3942,2374,1716,2942,3128,3907,4384,2681,1415,96,2.4,Python,58404,59819,12,Confirme,115.2
124,Mary Zimmerman,IT,2019-01-24,58,Port Cynthia,2527,Non,Projet B,37,2828,2616,4951,3147,3176,4015,2335,1877,3333,3163,2038,4071,761,70,1.2,Python,30324,31085,6,Senior,42.0
125,Dominique Dougherty,Marketing,2022-11-02,25,Schmidtville,6070,Oui,Projet C,40,3302,2389,3413,1837,3547,1966,1447,2718,3825,3744,3663,4024,1515,61,2.0,Python,72840,74355,3,Junior,18.3
126,Shirley Schmidt,IT,2017-05-27,55,Pamelatown,4722,Non,Projet A,50,3266,2892,2595,4383,4838,3121,2751,1323,2535,1006,3639,2328,1540,75,2.2,Python,56664,58204,8,Senior,60.0
127,Cristina Avila,Finance,2015-11-19,45,West Mark,4009,Oui,Projet B,39,1734,2561,4533,3303,2953,3811,3758,1894,4891,2274,2642,2496,1991,66,1.4,Management,48108,50099,10,Senior,66.0
128,Stephen Richardson,Ventes,2023-01-04,50,South Jenniferburgh,2636,Oui,Projet A,38,4500,2071,1746,1852,4974,4342,2488,2117,4710,3986,4822,1476,671,60,4.1,Excel avanc�,31632,32303,2,Senior,12.0
129,Jamie Collins,Marketing,2013-07-05,58,Gonzalezbury,5617,Oui,Projet D,48,1863,2540,1982,2570,2064,3899,4701,2467,2925,1147,2371,3917,1333,52,2.7,Python,67404,68737,12,Senior,62.4
130,Maria Harris,RH,2018-03-19,24,Brendahaven,5809,Non,Projet C,45,3382,3223,4328,2094,4595,1247,3052,4760,1997,3149,4652,1505,1732,64,2.8,Python,69708,71440,7,Junior,44.8
131,Kimberly Figueroa,Finance,2017-04-14,26,Lake Bryanmouth,5770,Oui,Projet A,42,3701,2768,2205,4252,2392,1635,3371,2831,2851,1120,2512,4946,979,75,2.7,Management,69240,70219,8,Junior,60.0
132,Kristina Oconnor,Ventes,2017-01-27,47,Fischerfort,2043,Non,Projet B,40,1128,4119,3760,1306,2792,3857,4698,1659,1743,1573,3015,4606,1804,97,1.7,Python,24516,26320,8,Senior,77.6
133,Frederick Perez,IT,2017-08-10,55,Edwardside,6358,Non,Projet A,39,4839,3946,2768,1749,1122,4467,4495,2696,2471,3399,2158,3538,1556,67,2.5,Data Science,76296,77852,8,Senior,53.6
134,John Santos,IT,2010-12-05,54,New Marilyn,2899,Non,Projet D,41,3171,2135,2972,4356,1180,1044,1828,1978,3388,3869,2343,4782,1928,54,3.2,Management,34788,36716,15,Senior,81.0
135,John Sharp,Ventes,2019-09-12,23,Aaronport,6364,Oui,Projet A,41,3806,4730,4437,2761,2515,4294,4106,2350,2414,1870,3230,1517,516,78,4.5,Data Science,76368,76884,6,Junior,46.8
136,Stephen Rodriguez,Finance,2020-03-25,51,North Tammy,5065,Oui,Projet D,48,3317,2280,3035,2513,1179,2932,4841,4650,3644,4512,2739,3816,1768,85,4.3,Excel avanc�,60780,62548,5,Senior,42.5
137,Richard Bailey,RH,2012-11-09,24,South Natalieview,5114,Oui,Projet A,50,4433,2434,2907,3886,1663,4366,3554,1637,1951,3519,2738,2874,1795,62,2.3,Excel avanc�,61368,63163,13,Junior,80.6
138,Christina Wright,Marketing,2015-12-05,32,Lake Rickchester,2373,Oui,Projet B,36,4686,2452,2472,4747,3694,1451,4457,2249,3184,2677,3721,3261,1366,85,1.5,Management,28476,29842,10,Confirme,85.0
139,Benjamin Brooks,Finance,2015-02-16,39,Powersfort,5239,Non,Projet C,43,2865,3853,4732,4549,4014,1484,1402,4801,2773,2698,3485,2634,1871,86,2.9,Excel avanc�,62868,64739,10,Confirme,86.0
140,Jennifer Arias,IT,2017-05-01,50,East Bridget,5264,Oui,Projet D,42,2596,3444,4108,4635,1548,4391,3162,4993,3386,2850,1824,2670,1677,81,2.1,Python,63168,64845,8,Senior,64.8
141,James Larson,IT,2014-03-10,59,Ryanborough,2862,Non,Projet D,46,4085,2474,1697,2476,3233,4130,2998,1796,3802,3855,1889,2073,1601,62,2.9,Python,34344,35945,11,Senior,68.2
142,Tiffany Ross,RH,2020-01-22,34,Millershire,5434,Non,Projet A,43,3143,3225,2181,3473,2073,1712,1131,2556,4561,2491,4400,1480,1566,68,1.2,Management,65208,66774,5,Confirme,34.0
143,Meghan Mullen,Ventes,2020-02-07,38,South Olivia,4959,Oui,Projet C,38,4723,4897,1727,1334,3028,2624,4341,2848,4884,1985,1548,1090,514,60,3.9,Data Science,59508,60022,5,Confirme,30.0
144,Frederick Sanchez,Ventes,2018-10-22,59,South Stephanie,5017,Non,Projet C,39,2640,2507,3674,1971,4182,4433,1975,4615,4323,3344,2680,1611,543,65,1.7,Excel avanc�,60204,60747,7,Senior,45.5
145,Danielle Mathis,Marketing,2010-11-22,43,South Veronica,6248,Oui,Projet A,40,4521,1271,4660,4667,1708,4340,4964,4567,3618,1493,3448,4365,534,75,2.6,Data Science,74976,75510,15,Senior,112.5
146,Alisha Carter MD,RH,2022-06-14,30,Margaretburgh,4979,Oui,Projet B,48,1383,1983,4957,1645,1822,3511,1745,2233,4397,4516,4344,3456,1725,78,1.4,Excel avanc�,59748,61473,3,Confirme,23.4
147,Jeffrey Osborn,Marketing,2019-12-27,24,Madisonmouth,5302,Oui,Projet D,48,3017,3052,4831,4567,1145,3427,4820,4762,1182,4391,4692,2746,1901,65,4.4,Management,63624,65525,6,Junior,39.0
148,Johnny Rivera,RH,2018-03-08,58,New Williamside,2498,Non,Projet C,43,4441,2498,4080,4570,3564,2130,1889,1792,4343,2891,2021,2354,1137,65,1.4,Management,29976,31113,7,Senior,45.5
149,Taylor Jones,Ventes,2013-08-08,41,Christiantown,3584,Oui,Projet D,39,2039,1935,2694,3680,1625,1032,4806,2609,2095,1564,4994,2724,1082,78,2.0,Data Science,43008,44090,12,Senior,93.6
150,Jennifer Castillo,RH,2015-03-19,58,Lake Marcton,3688,Non,Projet D,35,2974,1650,1051,2157,4323,2921,4696,1654,3082,1268,4130,4601,1620,62,4.9,Python,44256,45876,10,Senior,62.0
151,Matthew Weiss,IT,2014-05-16,24,Jessicafurt,5193,Non,Projet C,48,2953,1400,1080,4826,1421,4025,4833,3170,2083,2511,3148,3153,1199,64,2.8,Excel avanc�,62316,63515,11,Junior,70.4
152,Katrina Armstrong,IT,2016-09-10,34,Josephview,3918,Oui,Projet C,49,4577,2738,2864,3299,1777,2515,3654,3199,4154,2970,2323,1658,701,81,1.5,Excel avanc�,47016,47717,9,Confirme,72.9
153,Cynthia Lin,Finance,2015-07-28,47,East Michaelmouth,6812,Non,Projet C,46,2150,3594,3833,2472,1472,4238,3745,1923,3783,3784,4012,3263,1031,74,4.5,Data Science,81744,82775,10,Senior,74.0
154,Sean Williams,Marketing,2020-09-10,49,Vargasstad,3473,Oui,Projet D,40,1757,4716,3701,1770,2785,4050,4384,3386,1367,1496,2787,1373,1042,96,2.1,Python,41676,42718,5,Senior,48.0
155,Travis Morgan,Ventes,2018-10-07,22,Jessicachester,3505,Oui,Projet D,48,3269,2913,2001,4681,1402,3721,1220,1151,2582,4504,3910,2236,1076,71,3.2,Management,42060,43136,7,Junior,49.7
156,William Wells,Finance,2023-10-14,33,Port Ericland,3743,Oui,Projet A,43,1829,3751,4945,4877,4847,4819,2412,3069,1161,2695,2642,2851,1540,60,4.4,Excel avanc�,44916,46456,2,Confirme,12.0
157,Teresa Anderson,RH,2011-04-05,60,Leehaven,6854,Oui,Projet D,40,2992,1782,1096,1321,2562,1088,2969,4388,1633,3564,2937,3291,986,98,3.9,Data Science,82248,83234,14,Senior,137.2
158,Teresa Aguilar,IT,2011-10-18,34,Michaelville,5783,Non,Projet C,35,4051,4488,1701,4273,1575,2733,1544,1250,3555,3476,1375,3070,1792,59,4.6,Data Science,69396,71188,14,Confirme,82.6
159,Jacqueline Dennis,IT,2015-04-10,45,Vaughnbury,2415,Oui,Projet A,50,3698,2892,4597,1940,1803,1697,4005,1490,2020,2397,1906,1810,1908,91,3.0,Data Science,28980,30888,10,Senior,91.0
160,Bryan Weaver,Ventes,2023-04-24,34,South Julia,4055,Oui,Projet D,47,4645,2714,3025,4201,3356,4512,2423,4444,4855,4246,1865,4001,860,77,5.0,Python,48660,49520,2,Confirme,15.4
161,Taylor Vega,IT,2012-03-29,33,Knoxmouth,6892,Oui,Projet D,46,2413,4156,1491,3962,4724,2827,1826,2614,1322,1015,3867,4540,1931,59,3.2,Python,82704,84635,13,Confirme,76.7
162,Lisa Parker,Finance,2012-03-07,30,Martinborough,3766,Non,Projet B,44,1336,2368,1238,1756,3972,4510,1816,2862,1751,1168,2365,1125,817,67,1.8,Python,45192,46009,13,Confirme,87.1
163,Steve Jacobs,RH,2021-04-04,47,Brownville,6646,Non,Projet B,35,1228,1129,2322,1016,2653,1451,1005,4956,2564,2573,2435,3603,1511,55,3.5,Management,79752,81263,4,Senior,22.0
164,Michael Thomas,RH,2024-04-15,26,Lake Benjamin,2135,Oui,Projet B,47,1265,3861,1482,1166,3820,1874,1010,4513,3514,2623,4233,2140,1559,76,3.6,Data Science,25620,27179,1,Junior,7.6
165,Emma Moore,Ventes,2016-02-21,51,East Jon,4350,Oui,Projet D,41,4117,2351,1773,4662,1025,4481,4149,3617,2630,4845,4571,2249,611,94,2.7,Excel avanc�,52200,52811,9,Senior,84.6
166,Brian Torres,IT,2015-12-19,33,New Josephstad,3791,Oui,Projet C,43,4234,4025,4917,3891,1067,1244,1738,2514,1236,1799,1195,2532,1798,73,3.0,Management,45492,47290,10,Confirme,73.0
167,Gina Holden,Marketing,2013-02-02,45,Watkinsview,2443,Oui,Projet B,46,3461,3224,2061,1360,2641,1884,4564,4570,1000,1325,4334,4644,1875,93,3.1,Management,29316,31191,12,Senior,111.6
168,Craig Zavala,Finance,2015-07-16,38,Garymouth,4467,Non,Projet D,48,3829,2431,4385,4841,2761,2679,4789,4515,2369,3619,2691,1692,1450,98,4.0,Python,53604,55054,10,Confirme,98.0
169,Cindy Taylor,Ventes,2014-09-12,42,South Nathanielfurt,3088,Non,Projet C,43,1421,1200,4887,4927,3396,4453,4292,4123,4063,1268,1570,1105,1664,80,4.6,Management,37056,38720,11,Senior,88.0
170,Cheyenne Bell,Marketing,2013-09-15,41,Lake Maryhaven,4806,Non,Projet B,45,1820,1344,4622,2357,1212,2658,1760,3096,1409,3844,1393,4527,652,90,5.0,Data Science,57672,58324,12,Senior,108.0
171,Daniel Bailey,RH,2021-06-09,32,Velasquezberg,6173,Oui,Projet A,36,2228,2200,4875,3967,3575,1629,1645,1137,2131,1539,4342,1305,1906,100,3.7,Data Science,74076,75982,4,Confirme,40.0
172,Paul Schaefer,Finance,2015-03-15,46,Collinshaven,6126,Oui,Projet B,50,4486,3524,3539,2870,2961,4626,4440,1711,4473,4271,1379,4474,548,56,1.3,Data Science,73512,74060,10,Senior,56.0
173,Jennifer Roberts,Ventes,2018-11-07,23,Port Nancy,2639,Oui,Projet A,43,1762,1175,3491,4485,4285,1605,3456,3686,3186,3732,2047,3438,1549,87,3.8,Management,31668,33217,7,Junior,60.9
174,Dawn Edwards,Finance,2014-05-11,39,Jesusmouth,2108,Non,Projet A,46,1861,3544,1776,4227,4852,1310,3485,1371,1423,3603,4852,1314,1697,68,4.8,Python,25296,26993,11,Confirme,74.8
175,Melinda Thomas,RH,2014-02-23,37,North Frederickchester,3482,Oui,Projet C,35,4887,2753,1890,1425,2143,2599,4833,1580,4344,2030,4777,1363,617,83,4.1,Management,41784,42401,11,Confirme,91.3
176,Tiffany Martinez,Finance,2011-04-07,42,New Robin,2163,Oui,Projet C,37,4648,2448,1894,3156,2270,3914,1297,3247,4554,4535,1749,3599,1917,62,1.8,Data Science,25956,27873,14,Senior,86.8
177,Adam Henderson,Finance,2017-07-08,49,Greershire,6589,Non,Projet C,43,3077,1221,2781,1042,2190,1028,4513,3469,3926,1229,1931,1879,707,70,4.6,Data Science,79068,79775,8,Senior,56.0
178,Alicia Spencer,Marketing,2021-03-24,57,Jasminemouth,2454,Non,Projet A,44,3807,3479,4576,1051,4149,1537,1057,2890,2959,4286,1955,2219,1422,83,4.8,Data Science,29448,30870,4,Senior,33.2
179,Jordan Hall,IT,2018-05-14,39,Port Richardside,6878,Oui,Projet B,42,2739,1397,2696,1249,2006,3863,3094,2297,2938,2559,3924,2569,793,98,2.6,Data Science,82536,83329,7,Confirme,68.6
180,Todd Campbell,Marketing,2014-09-17,33,Bradleyside,4229,Oui,Projet C,43,4365,2098,2520,3760,2691,1404,2700,4018,3917,4838,2349,1665,1914,89,4.5,Data Science,50748,52662,11,Confirme,97.9
181,Susan Flowers,IT,2022-06-16,44,Sheltonborough,2169,Oui,Projet B,41,1924,1426,3317,1008,2982,4283,4996,2655,3772,3886,3449,4393,874,96,1.2,Excel avanc�,26028,26902,3,Senior,28.8
182,Natalie Buck,Finance,2018-04-02,33,Port James,6225,Oui,Projet A,43,3510,3167,4038,4328,4451,3348,4567,4581,2091,2935,1314,4538,1669,97,2.0,Data Science,74700,76369,7,Confirme,67.9
183,David Blake,Finance,2012-02-16,51,Glennside,5731,Oui,Projet D,36,1860,1444,1020,1568,2575,1422,2865,1027,1194,1405,1641,1382,1466,85,4.4,Management,68772,70238,13,Senior,110.5
184,Brendan Black,Finance,2016-08-19,32,Christopherburgh,5140,Non,Projet D,44,3786,2398,4266,2050,4933,4420,3072,2223,1467,3541,2623,3098,520,91,5.0,Management,61680,62200,9,Confirme,81.9
185,Kathleen Johnson,Marketing,2022-05-13,27,Stevenshire,4406,Non,Projet B,36,3782,4518,2052,4569,1848,3601,4936,2995,2528,1315,3090,2838,1123,87,2.2,Management,52872,53995,3,Junior,26.1
186,Christopher Ferguson,Finance,2019-04-30,52,East Laura,6033,Non,Projet B,44,4720,1759,1055,1766,2157,4022,4040,4711,2299,2686,1814,1279,1521,70,3.2,Data Science,72396,73917,6,Senior,42.0
187,Candice Smith,Ventes,2017-01-30,22,New Karina,4240,Oui,Projet B,40,4260,3268,3159,2079,2920,3488,1638,4472,4043,1162,3886,4387,692,73,1.7,Python,50880,51572,8,Junior,58.4
188,Lisa Hoffman,Ventes,2016-04-05,42,North Sara,5713,Oui,Projet B,41,1472,3367,3017,2769,4057,2967,1099,4795,4228,2229,3172,1806,1435,71,3.8,Python,68556,69991,9,Senior,63.9
189,Ryan Wallace,RH,2021-01-09,31,New Carmen,2494,Non,Projet D,38,3495,1605,4263,3393,4788,3277,4350,2118,2888,3476,3446,4214,990,75,3.3,Management,29928,30918,4,Confirme,30.0
190,Karen Williams,IT,2013-01-20,48,Thomasburgh,3943,Oui,Projet D,48,3880,1230,3725,2142,4806,3356,2048,4891,3691,1594,2455,2092,1135,91,3.1,Data Science,47316,48451,12,Senior,109.2
191,Eric Garcia,Finance,2024-04-27,34,Wigginsstad,3712,Non,Projet B,48,2845,3404,2550,4234,2197,1685,2725,1132,1661,1801,2739,3732,1639,59,2.4,Excel avanc�,44544,46183,1,Confirme,5.9
192,Lisa Dunn,IT,2024-02-25,51,Laceybury,3425,Oui,Projet A,39,4682,2885,3996,3625,2654,1897,1763,1167,1868,3548,2542,4342,1747,52,3.2,Data Science,41100,42847,1,Senior,5.2
193,Ronald Gonzalez,Finance,2016-05-12,25,South Johnny,2478,Oui,Projet C,42,3430,1941,3991,4177,3922,3488,1784,3833,1991,1229,4915,4175,873,97,3.7,Data Science,29736,30609,9,Junior,87.3
194,Dean Wolfe,IT,2022-01-02,33,Crawfordfurt,5045,Oui,Projet A,40,1825,3356,2387,1938,1706,4657,4214,3689,1950,4270,1009,3153,741,62,3.6,Data Science,60540,61281,3,Confirme,18.6
195,Lisa Smith,RH,2018-11-29,36,Lake Daniel,4997,Non,Projet C,41,4475,1676,2606,3733,3970,3812,3815,1817,2547,4020,3314,4447,1855,99,3.6,Excel avanc�,59964,61819,7,Confirme,69.3
196,Brittany Lewis,Finance,2021-03-02,37,Ericachester,4174,Oui,Projet A,43,1279,2794,3316,1122,4111,1409,3718,2633,2064,4607,3987,2482,731,95,1.2,Management,50088,50819,4,Confirme,38.0
197,John Pitts,RH,2019-02-03,28,East Timothyfurt,4316,Non,Projet C,35,3115,2252,2207,2427,3771,3398,2228,1916,4314,4079,3428,3018,870,79,4.3,Management,51792,52662,6,Junior,47.4
198,Jorge Donaldson,RH,2024-07-13,48,North Robert,3889,Oui,Projet C,39,3199,3887,4314,3951,3409,3139,3165,2668,4903,4790,4622,1014,772,51,2.9,Data Science,46668,47440,1,Senior,5.1
199,Stephen Soto,Marketing,2016-03-11,38,West Elizabeth,3327,Oui,Projet A,47,2677,1803,1329,2078,3396,4138,2250,1592,1747,1703,1857,1211,1506,92,1.9,Data Science,39924,41430,9,Confirme,82.8
200,Michael Dalton,Ventes,2020-05-13,50,Manueltown,6731,Oui,Projet B,45,1117,4922,2174,3469,4531,1815,1190,1935,2994,2685,1921,4969,1166,94,3.9,Python,80772,81938,5,Senior,47.0
201,David Frey,IT,2018-07-15,42,Fernandezchester,6625,Non,Projet D,42,3739,4018,1605,2859,4531,4371,2571,3489,4316,3680,2824,3895,669,70,1.4,Excel avanc�,79500,80169,7,Senior,49.0
202,Raymond Adams,IT,2010-10-11,59,Murphystad,3082,Oui,Projet D,50,3827,1482,4718,1913,2655,4917,2891,1161,4265,2693,4109,3324,1217,72,4.5,Excel avanc�,36984,38201,15,Senior,108.0
203,Steven Reed,Marketing,2023-10-01,57,Lisamouth,3602,Oui,Projet B,50,1354,1213,3339,4928,3204,3221,3526,3976,2384,4983,4083,2075,655,57,2.3,Python,43224,43879,2,Senior,11.4
204,Katherine Gilbert,RH,2022-10-12,31,West Joseland,3892,Non,Projet D,39,1033,2008,2622,4046,3676,3438,4460,4338,1988,4063,1737,3202,1696,69,1.1,Management,46704,48400,3,Confirme,20.7
205,Patrick Sanchez,Marketing,2024-09-11,30,Pageview,3076,Oui,Projet B,47,4323,1926,1954,3733,2250,1574,2434,2263,1787,4338,4079,1961,1587,61,3.5,Python,36912,38499,1,Confirme,6.1
206,Dustin Powers,RH,2011-04-24,31,South Timothy,2343,Oui,Projet B,48,1051,1291,3931,4217,2560,1475,3529,1255,4288,3659,4759,4012,1061,64,1.2,Python,28116,29177,14,Confirme,89.6
207,Alex Campbell,Finance,2018-06-13,24,Seanside,4344,Non,Projet A,40,2333,4186,3150,1648,4478,1333,3632,3288,2670,4554,4692,3771,1820,72,4.1,Data Science,52128,53948,7,Junior,50.4
208,Russell Wood,IT,2014-04-12,58,Taylorburgh,4558,Non,Projet A,35,2158,4507,2479,4998,4030,2525,4701,4047,2242,1373,3117,2963,997,58,1.7,Python,54696,55693,11,Senior,63.8
209,Diana Hopkins,Ventes,2013-08-14,43,Bergerchester,4674,Non,Projet B,45,1581,2478,2761,1373,4412,2315,3013,3055,1467,1981,3569,1206,1478,57,2.0,Python,56088,57566,12,Senior,68.4
210,Joel Hodges,IT,2023-01-21,46,South Ashley,5459,Non,Projet A,43,2093,3476,3711,4167,3258,3609,1790,4220,1169,3626,2587,3960,1278,50,3.1,Management,65508,66786,2,Senior,10.0
211,Jose Scott,Marketing,2011-07-22,35,Lisamouth,4894,Oui,Projet D,48,4283,2167,4259,2921,1171,4197,4062,3107,4027,2672,1595,4538,1571,89,2.1,Management,58728,60299,14,Confirme,124.6
212,Steven Walker,IT,2011-12-13,28,Kimshire,6639,Oui,Projet C,45,4218,4806,1940,2440,2727,2944,3359,3235,4398,4465,3726,2881,768,97,3.2,Python,79668,80436,14,Junior,135.8
213,Deborah Weiss,Ventes,2023-11-16,56,Alexanderberg,6179,Oui,Projet A,43,1308,3229,3015,3853,1286,4050,1055,2160,1233,1328,2273,3934,600,76,1.6,Data Science,74148,74748,2,Senior,15.2
214,Brittney Walker,Finance,2024-02-10,27,South Ronald,4079,Non,Projet C,50,3361,3778,2101,2964,1708,2768,1421,3899,3585,4342,3908,1161,631,78,4.3,Python,48948,49579,1,Junior,7.8
215,Sarah Rice,Finance,2011-11-12,58,Angelaview,3019,Non,Projet B,42,1790,4300,4519,2317,1920,3104,1633,2663,4983,4969,1274,1876,1249,75,3.5,Data Science,36228,37477,14,Senior,105.0
216,Nancy Perez,Ventes,2021-10-31,33,Wolfport,5260,Oui,Projet D,47,1439,4148,3795,3803,2827,2092,4010,1369,1386,4523,3698,3606,1731,80,3.9,Excel avanc�,63120,64851,4,Confirme,32.0
217,Danny Contreras,Marketing,2015-02-21,38,New Meganborough,3435,Non,Projet D,44,3566,4400,3428,2992,3885,3030,2123,3999,2361,3223,2219,4999,1261,94,1.0,Python,41220,42481,10,Confirme,94.0
218,Dylan Lane,RH,2017-12-07,23,Nguyenport,5541,Oui,Projet D,45,2704,4782,1536,4515,3795,3418,1085,1387,3268,4257,2437,4565,1011,96,1.8,Excel avanc�,66492,67503,8,Junior,76.8
219,Jeffrey Todd,Marketing,2024-05-27,37,East Timfort,2182,Non,Projet B,40,4001,4987,1353,4803,4675,4545,4954,1922,3900,1427,3305,1026,850,82,5.0,Excel avanc�,26184,27034,1,Confirme,8.2
220,Melinda Howell,Finance,2011-03-27,52,Crystalland,4226,Oui,Projet D,41,1674,2818,3905,1602,4791,4496,4553,2891,4171,3452,4532,4118,789,77,1.7,Data Science,50712,51501,14,Senior,107.8
221,Ryan Tran,Marketing,2015-07-29,43,New Jeffreymouth,3358,Non,Projet B,45,2322,3376,3384,4084,4237,2879,3221,2226,2740,3369,2889,2795,1935,96,4.8,Python,40296,42231,10,Senior,96.0
222,Sandy Marshall,Ventes,2010-10-18,57,South Brandonville,3028,Oui,Projet A,43,4637,3172,3090,4246,1359,1208,1142,2701,4861,2827,2698,1705,1967,80,3.8,Excel avanc�,36336,38303,15,Senior,120.0
223,Nicole Blake,IT,2017-12-16,51,North Michelefort,2250,Oui,Projet B,46,3740,3987,1523,1539,3353,3552,3907,4454,3152,4510,3141,2105,1288,85,1.5,Management,27000,28288,8,Senior,68.0
224,Suzanne Long,IT,2014-10-06,54,New Andrewfort,3454,Non,Projet B,46,3427,4116,3615,4750,1489,4662,4241,1207,2709,2081,2527,4463,826,57,1.5,Management,41448,42274,11,Senior,62.7
225,Brenda Hopkins,Finance,2011-08-15,56,South Christian,2057,Oui,Projet A,44,4226,3442,4683,3980,4662,2087,4794,4531,4110,3101,3855,4114,1529,91,5.0,Python,24684,26213,14,Senior,127.4
226,Matthew Reed,Ventes,2023-10-03,57,West Sandrachester,6978,Oui,Projet C,42,2317,4323,1522,4199,1001,3758,1069,4450,4722,1572,2227,2664,1604,76,1.8,Excel avanc�,83736,85340,2,Senior,15.2
227,Monica Richardson,Ventes,2022-03-16,58,Kyletown,6667,Oui,Projet C,40,1869,2060,3492,4695,3369,1398,3802,1999,3276,1381,1089,4656,1923,50,4.5,Data Science,80004,81927,3,Senior,15.0
228,Eric Miller,Finance,2021-01-12,30,South Craig,4779,Non,Projet B,46,2194,3342,3452,1786,3470,2069,2288,4580,4915,1609,3530,4861,610,68,1.4,Data Science,57348,57958,4,Confirme,27.2
229,Kevin Johnson,Finance,2015-12-15,53,Adamsfurt,2688,Oui,Projet B,41,1372,2226,2713,1035,3352,3530,2601,3058,1765,3977,3329,1749,1232,99,2.4,Excel avanc�,32256,33488,10,Senior,99.0
230,Mr. Cameron Campbell,Marketing,2015-01-09,35,North Jennifer,6490,Oui,Projet B,40,2145,3157,3016,2754,2476,4705,2149,2036,2352,3018,1977,1880,734,72,5.0,Management,77880,78614,10,Confirme,72.0
231,Donna Thompson,Ventes,2017-06-16,51,Thomasburgh,2287,Non,Projet D,40,4743,3959,1888,3195,2803,3553,1403,3503,2322,3443,4357,4632,1670,72,2.4,Python,27444,29114,8,Senior,57.6
232,Lisa Hardin,RH,2018-02-21,44,Tinamouth,5015,Non,Projet B,35,2760,1485,3312,4921,4917,4104,4351,2885,1545,2698,3050,1586,1752,65,2.2,Python,60180,61932,7,Senior,45.5
233,Christopher Price,Finance,2016-02-19,29,North Susan,4101,Oui,Projet C,39,1240,2897,2232,3256,3587,1114,4882,2101,2828,4234,3900,4442,1455,56,4.4,Excel avanc�,49212,50667,9,Junior,50.4
234,Peter Martinez,IT,2010-11-16,34,Port Samuelfort,2117,Oui,Projet C,45,1313,1392,2542,1180,3546,4496,4710,1107,1134,4037,3032,2092,841,54,4.0,Data Science,25404,26245,15,Confirme,81.0
235,Chelsea Chapman,Ventes,2022-03-23,42,North Barbaraburgh,3055,Oui,Projet B,38,3927,2102,1109,1695,1097,1856,1413,4833,2011,3649,3932,2310,1029,71,1.6,Data Science,36660,37689,3,Senior,21.3
236,Jonathan Lambert,Marketing,2014-12-30,34,Jessicaville,2340,Non,Projet A,48,4774,4179,4608,3152,2375,1947,1267,1020,1537,4978,3635,3138,1528,60,4.3,Python,28080,29608,11,Confirme,66.0
237,Louis Williams,IT,2014-04-04,56,Port Alejandro,3852,Non,Projet B,35,3951,1159,4090,3527,2248,2221,2440,1372,1950,1962,3255,1214,1642,88,4.1,Python,46224,47866,11,Senior,96.8
238,Hannah Fernandez,Ventes,2024-06-18,51,New Jerryton,3749,Oui,Projet C,44,1426,2223,4441,1797,1495,2970,4739,2037,4151,3704,2650,1617,862,75,1.0,Management,44988,45850,1,Senior,7.5
239,Devon Owens,IT,2021-02-18,51,Knightton,6532,Oui,Projet C,36,4116,4782,2647,4543,2950,3217,1817,2295,1209,3917,1066,2253,1137,68,4.5,Data Science,78384,79521,4,Senior,27.2
240,Cynthia Sanchez,Finance,2015-04-09,60,Gillton,5205,Non,Projet D,46,2481,4594,2447,3700,3654,1639,3425,1341,3683,2729,4323,1624,1149,71,4.3,Python,62460,63609,10,Senior,71.0
241,Robert Silva,Finance,2012-05-31,53,Erinfurt,6569,Oui,Projet A,35,1243,4061,1104,3883,3393,2953,3609,1773,4906,4032,4129,3710,1806,65,1.8,Excel avanc�,78828,80634,13,Senior,84.5
242,Caitlin Bryan,Ventes,2013-01-03,56,South Joshua,6186,Non,Projet C,36,4790,4732,3505,1182,1345,4995,2084,4196,1498,2917,4586,3166,1290,63,2.7,Data Science,74232,75522,12,Senior,75.6
243,Jacqueline Clay,IT,2022-06-26,42,South Stephanieborough,3149,Oui,Projet D,50,2763,4969,4375,3003,2142,2057,4138,4054,1128,4723,4653,2053,507,65,1.0,Python,37788,38295,3,Senior,19.5
244,Nicholas Young,Finance,2012-10-18,44,Hillhaven,4041,Oui,Projet A,38,4511,2939,4108,3635,3491,2848,3829,4814,1560,4798,1744,1165,1190,94,3.8,Management,48492,49682,13,Senior,122.2
245,Adam Brooks,Marketing,2011-09-10,22,New Christopherville,2230,Non,Projet D,47,3921,3494,2190,2473,4561,3779,2225,3082,4224,4971,3569,2958,1615,74,2.0,Management,26760,28375,14,Junior,103.6
246,Zachary Lin,Finance,2015-12-12,59,Lake James,2346,Oui,Projet C,38,2140,1734,2332,4902,4861,4155,4713,2191,4697,3225,1132,2514,841,68,3.5,Management,28152,28993,10,Senior,68.0
247,Michele Mullen,IT,2012-11-18,22,South Jasonmouth,4005,Non,Projet D,49,1084,2650,3409,1466,2621,3232,1505,1114,3398,1442,3798,4377,629,90,1.8,Python,48060,48689,13,Junior,117.0
248,Teresa Cruz,IT,2020-08-05,60,Michaelfort,3757,Non,Projet B,38,3862,1247,3908,1302,2192,1344,3564,2231,3117,2123,1442,1036,1734,57,3.2,Python,45084,46818,5,Senior,28.5
249,Dawn Gray,Marketing,2017-02-02,29,Port Benjaminmouth,6121,Non,Projet A,48,1197,2772,3423,2879,1302,2517,4942,3285,4714,4698,3071,1972,501,97,3.5,Data Science,73452,73953,8,Junior,77.6
250,Lauren White,Finance,2014-08-01,46,Harrisfurt,4057,Non,Projet B,37,4182,4746,1926,3482,4483,4209,4121,4346,1705,3591,1636,3464,1444,61,4.2,Management,48684,50128,11,Senior,67.1
251,Rachel Burton,RH,2020-11-24,47,Port Craig,5205,Non,Projet A,48,3430,2725,2051,2473,2899,1155,4181,1156,4945,2526,1255,2239,1512,78,4.6,Data Science,62460,63972,5,Senior,39.0
252,April Graham,Marketing,2024-05-13,31,Pattersonfort,4061,Non,Projet C,35,4363,3016,4787,4825,4675,2737,3236,1895,1298,2576,4722,4295,890,69,3.4,Python,48732,49622,1,Confirme,6.9
253,Courtney Rice,Ventes,2011-06-14,30,Bentleymouth,3139,Non,Projet D,47,1310,3170,4091,4035,4506,1217,3092,2892,4042,2094,2885,1301,1846,67,1.7,Data Science,37668,39514,14,Confirme,93.8
254,James Dunn,Ventes,2011-02-14,43,West Julie,2139,Oui,Projet A,49,2851,3576,3652,3475,3076,3932,4411,4903,3792,2181,4737,2505,1259,74,1.3,Python,25668,26927,14,Senior,103.6
255,Matthew Heath,RH,2023-05-01,50,Martinezland,4718,Non,Projet B,35,4274,4199,3206,4471,1614,3727,2645,3964,1238,3172,1068,2112,1518,83,3.4,Management,56616,58134,2,Senior,16.6
256,Julia Dawson,RH,2016-02-12,57,Williamstad,3319,Oui,Projet B,45,1365,1218,1181,4484,4261,1106,3982,2704,4254,2847,1311,4521,818,96,2.5,Excel avanc�,39828,40646,9,Senior,86.4
257,April Macias,Ventes,2017-04-18,44,South Kevinland,3327,Oui,Projet C,44,1914,2989,3097,1748,4606,4673,3649,1073,4205,2705,1589,1048,1970,91,3.2,Python,39924,41894,8,Senior,72.8
258,Tyler Hughes,Ventes,2014-01-10,45,Lawrenceville,3988,Oui,Projet A,37,4051,4226,1359,1958,4890,1038,1484,4911,1550,2643,4952,4529,1168,64,2.8,Management,47856,49024,11,Senior,70.4
259,Ashley Hines,IT,2018-08-18,38,Jefferyville,2117,Non,Projet D,42,1057,4988,1760,1843,3105,2377,2068,3880,4427,3531,1036,3425,1983,99,2.4,Data Science,25404,27387,7,Confirme,69.3
260,Sherry Rhodes,Finance,2020-02-17,60,Ramseyfort,3097,Oui,Projet A,45,4258,2950,3266,4381,2304,1572,4868,1492,4858,2066,1902,2678,1975,68,2.4,Python,37164,39139,5,Senior,34.0
261,Christopher Leonard,Ventes,2019-09-01,51,Lake Scott,3192,Oui,Projet A,42,4268,3711,2906,1187,3090,4637,1564,3057,3791,4707,1990,1855,1261,53,3.7,Data Science,38304,39565,6,Senior,31.8
262,Joyce Gilmore,Marketing,2011-08-13,22,Jeffreyshire,5185,Oui,Projet C,35,4564,2313,3950,2839,3530,3209,4099,4474,2544,4498,1334,1425,1785,61,1.8,Python,62220,64005,14,Junior,85.4
263,Carl Jones,Ventes,2018-07-30,55,Marquezshire,4152,Oui,Projet C,43,3960,3816,3841,3632,3891,2833,1924,2421,2438,2185,3363,1929,1791,70,4.1,Python,49824,51615,7,Senior,49.0
264,Eric Krause,Finance,2020-06-03,46,Millerfort,3665,Non,Projet C,36,4514,4409,4027,4509,1949,2430,2883,3173,2271,2927,4466,3845,990,55,4.3,Python,43980,44970,5,Senior,27.5
265,Melissa Chavez,Ventes,2016-06-05,48,Lake Steven,2369,Oui,Projet C,40,2161,4499,4486,2062,2375,1885,1997,2127,4834,4245,4102,3925,802,89,3.2,Python,28428,29230,9,Senior,80.1
266,Daryl Fitzgerald,IT,2011-05-02,34,Henrybury,3387,Oui,Projet A,43,1506,2970,1523,2355,1118,2104,2533,1719,4433,2165,1134,3261,687,69,3.0,Excel avanc�,40644,41331,14,Confirme,96.6
267,Christina Hunter,Finance,2016-10-22,56,New Bill,2500,Oui,Projet D,39,4456,1202,1190,2542,4449,1777,1133,3534,3150,4222,3929,1018,600,83,2.6,Python,30000,30600,9,Senior,74.7
268,Elizabeth Garcia,Marketing,2017-12-31,30,New Kevin,2026,Non,Projet B,36,4828,4345,4513,1331,2963,2379,1643,2673,3207,1880,4089,1056,1700,76,3.5,Data Science,24312,26012,8,Confirme,60.8
269,Martha Lewis,Ventes,2020-12-09,28,North Tammyport,6495,Non,Projet B,43,2080,2563,3012,2988,2255,2405,3029,3181,1582,2281,3131,4855,1729,57,2.7,Python,77940,79669,5,Junior,28.5
270,Julie Wu DVM,Finance,2020-10-27,34,Watkinsview,3440,Oui,Projet A,47,3457,2448,1230,1872,2358,2332,4214,3898,1072,2851,3115,2566,1905,98,2.0,Data Science,41280,43185,5,Confirme,49.0
271,Jessica Johns,IT,2010-12-01,55,Raymondview,2289,Oui,Projet D,43,2103,1906,2914,3084,3928,2127,1906,3340,2544,1919,4769,1027,1146,78,4.7,Excel avanc�,27468,28614,15,Senior,117.0
272,Audrey Rodriguez,Finance,2020-03-05,42,North Joshua,3862,Oui,Projet B,41,4979,1949,4668,3963,1628,3918,1806,3621,2967,1883,4032,3278,1395,90,1.6,Management,46344,47739,5,Senior,45.0
273,Kyle Henson,Finance,2012-06-21,56,New Catherinefurt,5292,Oui,Projet C,50,5000,3401,4540,1942,4199,4744,1854,2237,3778,3517,1238,1844,1577,68,4.4,Excel avanc�,63504,65081,13,Senior,88.4
274,Aaron Morgan,RH,2020-02-24,23,Stewartstad,4889,Non,Projet C,42,4791,3950,4897,3388,3786,3457,3008,4446,1528,3921,1897,3992,1835,72,1.5,Python,58668,60503,5,Junior,36.0
275,Garrett Mcdonald,Finance,2020-03-31,49,Welchside,4894,Oui,Projet B,40,1720,3960,4479,3748,4242,4649,2169,2947,3496,2161,1595,3202,802,88,1.9,Python,58728,59530,5,Senior,44.0
276,Tara Villa,Finance,2022-02-07,50,Kathleenborough,4501,Non,Projet D,48,1422,1881,3525,1515,1878,1757,2622,2615,4105,3521,1823,4936,1612,57,1.3,Data Science,54012,55624,3,Senior,17.1
277,James Williams,RH,2014-03-23,55,Leahfort,2328,Non,Projet D,38,3667,4464,2683,2118,2388,3676,1924,2919,3285,3021,4401,1747,557,58,2.5,Data Science,27936,28493,11,Senior,63.8
278,Trevor Kirk,Finance,2012-01-18,37,North Joshua,6464,Oui,Projet C,47,4276,4832,2457,4187,4961,1822,2501,2557,2478,2988,1797,3675,981,95,1.1,Excel avanc�,77568,78549,13,Confirme,123.5
279,Andrea Sanders,Ventes,2014-02-07,29,Angelamouth,2987,Oui,Projet B,48,3188,1344,1122,2434,1170,4411,1919,3338,4574,4193,3003,1353,1985,73,4.4,Management,35844,37829,11,Junior,80.3
280,Emily Coleman,Ventes,2017-07-09,23,Port Danielport,6146,Non,Projet B,41,3822,1598,4268,3521,1364,2754,4853,4728,1298,1961,1151,1859,1880,60,1.6,Python,73752,75632,8,Junior,48.0
281,Michael Singh,RH,2011-06-05,54,South Matthew,2362,Oui,Projet B,36,3256,3347,1611,4910,2252,3601,2953,2432,1507,2189,4810,1538,1997,79,4.6,Python,28344,30341,14,Senior,110.6
282,Michael Bowman,RH,2018-05-20,50,Port Kerri,6065,Non,Projet C,43,1981,2105,4312,2503,1475,4100,2896,4326,4518,2824,1466,2568,981,93,2.1,Excel avanc�,72780,73761,7,Senior,65.1
283,Roberto Jackson,RH,2024-09-01,24,East Ashley,6497,Non,Projet D,43,3516,3556,2381,4131,1978,4004,2455,3061,3335,3992,4499,2039,908,69,1.9,Data Science,77964,78872,1,Junior,6.9
284,Margaret Johnson,Ventes,2017-06-25,56,Lake Kathleenmouth,4964,Oui,Projet A,43,1456,3699,1487,4550,2712,4361,4218,4919,1250,4081,3579,3794,1116,60,1.9,Management,59568,60684,8,Senior,48.0
285,Michael West,RH,2013-12-04,37,South Manuel,6770,Non,Projet D,40,2856,2388,2676,4501,3390,2202,4843,1963,3373,3065,3696,4561,826,84,2.2,Excel avanc�,81240,82066,12,Confirme,100.8
286,Joe Franco,IT,2020-02-12,22,Thomasbury,2199,Oui,Projet C,49,1482,2537,1522,2791,1523,1058,1331,1471,4816,3968,2446,3600,1687,97,2.0,Management,26388,28075,5,Junior,48.5
287,Melissa Gonzales,Ventes,2024-04-07,52,Johnsonfort,5207,Oui,Projet C,43,3943,4180,1018,4569,2783,1703,1340,4214,1762,3222,4322,4230,1936,58,4.5,Management,62484,64420,1,Senior,5.8
288,Lauren Fox,Ventes,2015-06-16,39,East Steventon,4456,Oui,Projet B,48,1746,4602,1715,3007,3992,3727,4272,2797,1425,1535,3033,2068,1317,70,2.0,Data Science,53472,54789,10,Confirme,70.0
289,Jimmy Lopez,Finance,2014-04-25,46,Lake Rodneychester,3421,Non,Projet A,47,4879,3990,1376,1720,1699,2133,1640,2556,4428,4328,1264,3108,522,83,3.2,Excel avanc�,41052,41574,11,Senior,91.3
290,Nicholas Butler,Ventes,2021-01-30,41,South Scottmouth,6599,Non,Projet A,43,4384,1645,3346,3067,1934,2581,2743,4664,1054,1895,3212,2182,1301,68,3.1,Data Science,79188,80489,4,Senior,27.2
291,Mr. Joseph Atkinson MD,Ventes,2015-03-16,41,West Josefort,2083,Oui,Projet A,38,4514,4266,3574,3953,3243,1655,1320,1177,3838,3715,3734,2548,850,98,4.9,Data Science,24996,25846,10,Senior,98.0
292,Mario Wells,Ventes,2013-07-08,43,Deborahchester,4024,Non,Projet C,47,2507,4470,3109,1702,2500,2503,4307,1102,1096,2218,3686,2768,1061,52,2.5,Excel avanc�,48288,49349,12,Senior,62.4
293,Sherry Duncan,Finance,2023-11-14,28,West Erin,3721,Non,Projet B,36,2212,2686,2012,3535,3406,4381,1262,1110,2468,1463,2044,2115,1301,91,2.1,Excel avanc�,44652,45953,2,Junior,18.2
294,Anne Jones,RH,2012-12-25,37,Douglasbury,5070,Non,Projet C,38,2127,1376,4784,2418,2913,3938,1581,3642,3029,3214,3005,4357,1777,75,3.8,Python,60840,62617,13,Confirme,97.5
295,Stephanie Johnson,Finance,2021-12-31,57,Ericmouth,4823,Oui,Projet D,35,4749,3660,4857,1439,2909,4614,4697,2487,1900,1181,4084,2843,644,92,4.9,Python,57876,58520,4,Senior,36.8
296,Lauren Smith,Marketing,2012-09-11,57,Courtneyborough,2308,Non,Projet D,49,4595,3144,3082,4894,3898,3914,4151,4682,4418,3951,2016,4163,777,76,2.7,Management,27696,28473,13,Senior,98.8
297,Ryan Peters,Marketing,2016-12-06,55,West Peterland,3631,Non,Projet B,43,1863,2885,4674,4984,2426,2726,3646,3533,2939,1215,2252,3634,1112,89,1.9,Python,43572,44684,9,Senior,80.1
298,Anthony Alvarado,Ventes,2017-11-24,59,Josephfurt,4227,Non,Projet B,41,2526,3413,2226,4573,2560,4801,3957,2157,1640,2272,1804,3516,1935,80,4.7,Python,50724,52659,8,Senior,64.0
299,Rebecca Jones,Finance,2012-09-29,26,Lake Christian,3599,Oui,Projet A,44,1889,2959,4284,3420,2121,4258,4314,3232,3464,4815,2949,4927,1340,67,2.3,Excel avanc�,43188,44528,13,Junior,87.1
300,Sandra Edwards,Ventes,2017-09-10,29,Russellberg,4537,Non,Projet B,39,1839,1931,2823,4168,3194,1674,1719,1689,1815,3481,1949,2711,670,79,3.0,Data Science,54444,55114,8,Junior,63.2
301,Sheila Wagner,IT,2017-09-17,59,Wendyborough,2485,Non,Projet A,39,3403,3192,3992,3417,3353,4541,3426,1092,3704,2834,3286,3545,1299,64,2.3,Management,29820,31119,8,Senior,51.2
302,Caitlin Smith,IT,2016-02-15,39,Thompsonshire,3214,Non,Projet A,35,2785,4084,4220,2340,2801,1694,2535,4451,2571,4422,1367,2804,839,75,4.6,Data Science,38568,39407,9,Confirme,67.5
303,Kristen Mcdaniel,Marketing,2012-12-24,44,Clarkborough,4033,Oui,Projet D,39,2823,4022,4455,3583,3136,2687,2625,2477,4075,2245,4359,1551,612,83,4.1,Excel avanc�,48396,49008,13,Senior,107.9
304,Mr. Philip Anderson,IT,2012-01-19,33,East Robin,4499,Oui,Projet B,49,3402,1095,1943,1111,4554,4693,4169,2584,3956,2329,4388,4935,909,58,3.2,Excel avanc�,53988,54897,13,Confirme,75.4
305,Carla Berg,RH,2011-08-01,54,Roberthaven,3225,Non,Projet C,36,1649,1590,2552,1240,2529,1464,1333,4743,3068,3878,4878,2486,1848,81,1.8,Excel avanc�,38700,40548,14,Senior,113.4
306,Christopher Munoz,Ventes,2011-08-31,34,Gonzalezton,3293,Oui,Projet A,40,2060,3643,2257,1182,2008,1454,2874,2947,2970,2005,3716,2825,1169,77,4.5,Data Science,39516,40685,14,Confirme,107.8
307,Tiffany Jones,Finance,2023-11-29,39,Monroemouth,6663,Oui,Projet C,48,4187,3094,3124,4834,2711,4149,4851,3963,3457,3279,1352,4287,1302,77,3.1,Excel avanc�,79956,81258,2,Confirme,15.4
308,Jeffrey Jackson,Finance,2023-02-25,50,Cantuside,4877,Non,Projet A,44,2058,4817,2792,4214,1334,3011,3297,2938,1081,3205,2267,1717,830,54,2.0,Management,58524,59354,2,Senior,10.8
309,Joel Gentry,IT,2023-10-03,28,Patrickside,3717,Non,Projet A,46,1516,3477,2424,4917,3912,1603,4001,2287,3156,1229,2794,2941,1018,72,3.6,Excel avanc�,44604,45622,2,Junior,14.4
310,Selena Gomez,Finance,2017-07-11,34,West Blake,4012,Non,Projet D,49,3214,4030,3815,2002,4164,4961,1922,3758,2407,3243,3785,1085,963,67,1.2,Management,48144,49107,8,Confirme,53.6
311,Jack Brown,Ventes,2011-01-11,47,South Jessicamouth,3824,Oui,Projet A,48,2134,3877,1734,4317,1515,1306,1316,2804,3483,3381,1695,4769,842,100,2.2,Python,45888,46730,14,Senior,140.0
312,Noah Williams,RH,2021-03-15,43,Joshuaville,6081,Non,Projet A,42,1986,2398,3337,4311,1122,4313,4389,4585,3350,1228,1466,4812,1204,58,4.0,Excel avanc�,72972,74176,4,Senior,23.2
313,Christopher Roberts,Ventes,2014-08-01,28,Coxburgh,4547,Oui,Projet B,42,1632,2511,4564,1899,1057,1904,3125,3077,4333,3982,2686,1142,1863,54,1.7,Excel avanc�,54564,56427,11,Junior,59.4
314,Melissa Nguyen,Marketing,2019-05-23,56,Paulaberg,5487,Non,Projet A,50,2501,2464,3718,2151,1419,4011,3465,3234,1634,2278,3932,2595,1763,57,4.2,Python,65844,67607,6,Senior,34.2
315,Andrew Waller,IT,2021-04-02,39,North Alexfort,4242,Oui,Projet D,40,2543,4288,3655,2012,2701,3037,1313,1559,2851,3854,3861,3504,1895,52,2.7,Data Science,50904,52799,4,Confirme,20.8
316,Richard Green,Ventes,2021-09-30,49,Danielbury,4677,Non,Projet C,35,3341,4883,3725,1632,3277,1450,4691,4492,2384,4314,2698,1405,1115,80,4.8,Excel avanc�,56124,57239,4,Senior,32.0
317,Lauren Lopez,Ventes,2022-03-04,51,Gonzalezchester,2938,Oui,Projet B,40,3080,2363,1677,2611,3203,4032,1381,4338,3519,2600,2422,2233,739,72,3.5,Management,35256,35995,3,Senior,21.6
318,Amber Hall,IT,2024-07-25,56,East Danielle,5270,Non,Projet B,47,3711,2752,1985,1107,3008,1863,1497,1170,3657,1778,3893,3511,812,53,1.2,Data Science,63240,64052,1,Senior,5.3
319,Patrick Sanders,IT,2016-01-30,51,New Meghan,4446,Oui,Projet A,41,2853,3258,2403,4601,4960,4420,1662,4385,1624,2053,2042,3744,1081,55,4.1,Management,53352,54433,9,Senior,49.5
320,Shannon Morrow,Ventes,2020-02-10,59,Christyport,6858,Non,Projet D,50,1748,3913,2207,1300,1598,4147,1001,1555,2693,3766,4651,3326,704,70,1.5,Data Science,82296,83000,5,Senior,35.0
321,Jacqueline Thomas,RH,2014-12-08,26,East Kristenbury,2803,Oui,Projet C,39,1489,2679,2949,3374,1766,2026,2701,3948,3173,1371,2692,1419,1313,80,3.4,Management,33636,34949,11,Junior,88.0
322,Charles Stevenson,Marketing,2023-12-30,50,South Malik,6872,Oui,Projet B,44,3299,4217,2028,2241,4519,2912,4904,4776,3477,2327,3642,4745,631,55,1.9,Data Science,82464,83095,2,Senior,11.0
323,Amy Cohen,Ventes,2012-10-13,46,Ramosport,3593,Oui,Projet D,35,1244,3980,4192,4506,3724,2822,1893,1178,1622,3826,4879,1132,1815,77,4.8,Python,43116,44931,13,Senior,100.1
324,Zachary White,Finance,2015-03-16,33,Lake Hollyburgh,3292,Oui,Projet B,45,2670,3066,2049,2556,3050,4307,4369,1020,3217,3071,4562,3740,816,100,1.1,Management,39504,40320,10,Confirme,100.0
325,Frederick Mathews,IT,2019-05-26,55,Staceyland,4042,Oui,Projet C,38,3331,4365,3995,3207,2411,1433,2472,4790,2771,2513,2926,1779,1144,88,2.2,Data Science,48504,49648,6,Senior,52.8
326,Kathy Davis,Finance,2014-10-07,50,Raystad,3082,Non,Projet B,43,1419,3212,2091,2437,2969,3981,4035,1778,4507,1146,4901,1735,759,90,1.9,Python,36984,37743,11,Senior,99.0
327,Oscar Hall,Finance,2011-12-02,54,South Jennaberg,5921,Non,Projet A,41,2503,3986,1196,1266,3359,4224,4901,2135,1863,4609,4788,2411,546,86,2.7,Management,71052,71598,14,Senior,120.4
328,Mallory Fisher,Finance,2020-03-23,43,Everettchester,6254,Oui,Projet A,36,3066,4399,2649,4481,1634,1745,4749,2494,1324,1482,3641,3738,1061,59,4.4,Excel avanc�,75048,76109,5,Senior,29.5
329,Rachel Mendoza,Ventes,2016-06-11,59,Stephaniebury,4589,Non,Projet A,41,2280,1691,3080,1764,1610,1887,1688,2300,4431,4588,4493,2344,1278,90,3.3,Data Science,55068,56346,9,Senior,81.0
330,Madeline Lopez,Ventes,2013-05-23,38,East Anthonyland,3896,Non,Projet C,50,3519,1817,2412,3303,4594,1018,1050,2024,4036,2173,3285,2130,1617,89,2.0,Excel avanc�,46752,48369,12,Confirme,106.8
331,Benjamin Johnson,RH,2014-09-18,37,Haroldtown,4002,Oui,Projet D,47,4831,4481,4078,2818,3793,1181,4130,4558,3149,4156,3847,2343,1796,61,4.7,Excel avanc�,48024,49820,11,Confirme,67.1
332,Linda Young,Finance,2021-06-01,28,New Mark,3797,Non,Projet B,41,1989,4417,3922,3700,2394,1583,1919,2961,1395,2937,4532,4459,1512,63,3.2,Data Science,45564,47076,4,Junior,25.2
333,Lauren Robinson,RH,2014-03-09,31,South Brenda,2067,Non,Projet A,43,3592,1792,1980,2166,4324,4743,1665,2181,1459,3032,2009,3772,1221,84,4.9,Data Science,24804,26025,11,Confirme,92.4
334,Zachary Gallagher,Finance,2021-12-17,23,Jeffreyshire,6859,Oui,Projet B,50,4662,2170,3890,2782,2191,1687,1403,1330,2187,1631,3430,2754,1545,56,4.1,Data Science,82308,83853,4,Junior,22.4
335,Emily Hood,Ventes,2022-05-18,30,Lake Amanda,5496,Oui,Projet D,43,4093,3130,2244,4625,2280,2630,3292,2051,2915,4468,3837,2806,1018,63,4.2,Excel avanc�,65952,66970,3,Confirme,18.9
336,Karen Hartman,IT,2015-06-19,29,Guzmanville,3434,Oui,Projet B,50,2669,3444,3140,2036,3787,2107,4566,1399,3987,1232,2809,1539,969,83,1.1,Python,41208,42177,10,Junior,83.0
337,Cynthia Lozano,Finance,2015-05-08,57,Jaredport,4204,Oui,Projet B,38,1814,4691,2292,2038,4168,3212,2320,2266,2781,1759,2999,4702,1259,69,4.9,Python,50448,51707,10,Senior,69.0
338,John Ferguson,RH,2018-05-31,33,Alvarezville,3255,Non,Projet A,41,2367,3745,4327,3029,1255,3975,4009,2046,3111,1864,3934,1690,655,80,3.6,Management,39060,39715,7,Confirme,56.0
339,Sarah Miller,RH,2013-11-12,24,Jonathanton,3008,Non,Projet D,42,3194,2677,4206,3055,1991,3528,1718,3012,1538,4964,4377,1173,886,92,2.9,Data Science,36096,36982,12,Junior,110.4
340,Amber Case,Ventes,2022-04-18,46,East Codychester,6849,Oui,Projet A,44,1861,3488,2497,3460,3831,1132,4830,3340,2394,1456,4843,1468,1930,61,3.4,Excel avanc�,82188,84118,3,Senior,18.3
341,Denise Mcguire,Ventes,2021-08-06,36,Mcknightbury,3713,Oui,Projet C,40,1270,4983,1713,4991,2705,2719,4961,2047,4291,4486,4829,4104,1291,59,4.6,Python,44556,45847,4,Confirme,23.6
342,Theodore Alexander,RH,2012-09-14,24,North Makayla,6669,Oui,Projet A,37,3324,2388,2728,4414,2121,1266,4822,1604,3569,1790,2565,2415,1163,67,1.2,Data Science,80028,81191,13,Junior,87.1
343,Jennifer Benson,Ventes,2018-10-18,31,Jenniferfurt,3627,Oui,Projet B,35,1643,3356,1503,4007,4780,2211,1052,2447,2361,1740,4226,4883,917,68,4.7,Management,43524,44441,7,Confirme,47.6
344,John Ali,Finance,2015-05-11,49,Shellyfort,4723,Oui,Projet C,44,3004,2199,2086,4182,1430,4140,2971,1107,4437,4148,1581,3649,1183,88,3.0,Management,56676,57859,10,Senior,88.0
345,Katherine Barron,Finance,2012-05-06,51,West Heatherberg,4603,Non,Projet D,42,4312,1210,2449,2497,4400,4904,4282,4012,2540,2059,2250,2596,531,61,4.9,Excel avanc�,55236,55767,13,Senior,79.3
346,Melissa Davis,IT,2016-01-23,53,Hickmanhaven,3709,Oui,Projet A,36,3220,2145,2697,3258,4105,3840,1954,1487,1919,4721,1057,2267,733,60,4.4,Excel avanc�,44508,45241,9,Senior,54.0
347,Courtney Ellis,Marketing,2021-09-26,46,Josephton,5624,Non,Projet A,49,1441,4406,2492,4914,2477,2004,1056,4317,1428,3124,2357,3930,1509,84,3.2,Management,67488,68997,4,Senior,33.6
348,Nancy Holmes,RH,2011-06-24,57,East Jessica,3637,Non,Projet A,36,2724,1518,1303,2216,2197,1823,2982,3842,3116,4347,2517,1484,1604,74,2.7,Data Science,43644,45248,14,Senior,103.6
349,Laura Cannon,RH,2013-07-23,51,Cobbfurt,2700,Oui,Projet C,44,1078,1413,2779,1496,3742,2359,3389,4171,2758,3211,2849,4872,644,53,3.9,Python,32400,33044,12,Senior,63.6
350,Christopher Ramos,RH,2012-12-08,38,South Rita,2532,Oui,Projet B,36,3071,4786,2503,3347,3075,4770,1376,1064,1131,1441,4305,1169,543,88,4.9,Python,30384,30927,13,Confirme,114.4
351,Laura Bonilla,Ventes,2023-10-23,56,East Emilymouth,4997,Non,Projet B,42,3506,2402,1592,2004,2406,3123,4574,1748,3518,2023,3171,2691,1336,96,3.4,Data Science,59964,61300,2,Senior,19.2
352,Michael Rasmussen,Ventes,2022-06-14,59,Coreyfort,4393,Oui,Projet D,47,3354,2463,3955,4728,2202,2976,3596,4721,4140,4443,3376,2323,1016,65,2.0,Data Science,52716,53732,3,Senior,19.5
353,Brandon Chase,RH,2022-09-14,40,North Christopherberg,3962,Oui,Projet D,45,3298,1469,2924,3637,3262,3790,3760,1707,1014,1795,4715,3989,1248,84,2.9,Management,47544,48792,3,Confirme,25.2
354,Wanda Wood,Ventes,2015-11-16,46,Marymouth,3818,Oui,Projet B,36,1178,4839,1972,4229,3029,1638,4995,2549,2391,4768,4380,4397,1972,76,4.5,Data Science,45816,47788,10,Senior,76.0
355,Mrs. Carrie Miller,Finance,2021-11-22,30,Lynchburgh,4407,Oui,Projet C,47,2114,1830,2129,2561,1978,4785,4155,1131,1514,3868,2177,4469,1390,71,3.1,Excel avanc�,52884,54274,4,Confirme,28.4
356,Joyce Stanley,IT,2016-06-25,48,Clarkborough,6880,Non,Projet C,47,3827,3770,2168,2506,2453,1729,4045,3012,3630,4394,3413,2501,693,97,2.2,Management,82560,83253,9,Senior,87.3
357,Yolanda Adams,RH,2013-04-06,39,Amandaland,5803,Oui,Projet A,37,3067,1782,1872,1735,3330,3562,2897,1988,2427,2903,4922,1835,578,71,4.6,Management,69636,70214,12,Confirme,85.2
358,Arthur Anderson,Marketing,2017-03-02,30,Tammyfort,6463,Non,Projet B,38,2038,2036,1252,4773,2511,3399,3568,2956,1667,4930,2377,4308,1435,61,4.8,Data Science,77556,78991,8,Confirme,48.8
359,Judy Wood,Finance,2021-09-07,39,South Charles,5068,Non,Projet B,48,4919,4566,4271,2148,3272,3058,4693,1235,1358,4819,1991,1678,679,88,2.4,Excel avanc�,60816,61495,4,Confirme,35.2
360,Scott Arnold,Marketing,2016-10-11,52,Lake Melanie,3919,Oui,Projet D,46,4470,4021,4980,1911,2618,4836,2475,2967,1063,1741,2731,2355,1238,94,2.5,Excel avanc�,47028,48266,9,Senior,84.6
361,Pamela Turner,RH,2012-07-21,29,West Sandrabury,5950,Non,Projet C,49,3225,2917,2788,3173,3990,1803,3794,4737,4353,4993,2471,4937,1249,56,2.0,Data Science,71400,72649,13,Junior,72.8
362,Emily Sanders,Finance,2018-01-15,25,Nelsonland,2919,Non,Projet C,48,2079,4061,4013,2929,2160,3920,2833,2540,4069,1545,1726,2730,868,98,2.4,Excel avanc�,35028,35896,7,Junior,68.6
363,Anne Mcgee,Ventes,2024-01-03,45,Farleyborough,3847,Oui,Projet C,37,2723,2356,3803,3180,4914,1386,2485,3259,1503,4055,1423,2260,1571,53,1.7,Python,46164,47735,1,Senior,5.3
364,Jennifer Ramirez,Ventes,2020-05-24,24,Jennifermouth,3792,Non,Projet D,49,3589,4794,2894,4761,3525,3303,3911,4097,3076,1245,4791,4995,1346,92,3.4,Management,45504,46850,5,Junior,46.0
365,Mario Wright,Marketing,2016-06-09,28,Johnsonburgh,4110,Non,Projet D,38,1911,2401,4603,1490,2600,1583,4637,2711,2963,4157,2268,3678,1600,64,2.5,Python,49320,50920,9,Junior,57.6
366,Angelica Sanchez,IT,2018-01-20,48,Port Kimberly,5684,Non,Projet C,43,2440,4909,3681,2019,1580,1883,2410,3746,3111,3830,4348,2756,1050,95,3.7,Excel avanc�,68208,69258,7,Senior,66.5
367,Frank Adams,Marketing,2017-06-05,37,Port Catherineberg,2202,Oui,Projet D,39,4682,2678,1028,3675,2118,2056,2175,4460,1073,1791,2633,1812,1762,55,2.2,Excel avanc�,26424,28186,8,Confirme,44.0
368,Amanda Jones,Finance,2011-05-24,50,Johnsonfurt,3961,Oui,Projet D,44,2692,1163,4516,3134,3455,4806,4730,3662,1284,1610,1499,2243,1582,58,3.5,Python,47532,49114,14,Senior,81.2
369,Colleen Brown,Marketing,2022-07-18,39,Gonzalezchester,3803,Oui,Projet D,42,3861,2505,3901,1055,3745,3187,2023,2867,3986,1145,1441,2380,1397,87,2.0,Data Science,45636,47033,3,Confirme,26.1
370,Lauren Allen,IT,2020-06-14,58,Carolfort,3301,Oui,Projet D,35,3644,3522,1168,3325,2135,3794,3230,3700,3087,3356,4490,2787,1155,56,3.1,Management,39612,40767,5,Senior,28.0
371,Kurt Koch,Finance,2014-12-29,38,Davidtown,5254,Non,Projet B,35,2584,1110,3714,3567,4336,4858,3682,1290,2587,2323,4634,1190,1494,87,2.9,Management,63048,64542,11,Confirme,95.7
372,Kelsey Owens,Ventes,2011-06-02,27,Sullivanland,6083,Non,Projet C,43,4664,2523,3655,2678,2583,1555,4120,1042,2726,3578,4551,1139,1508,68,2.4,Python,72996,74504,14,Junior,95.2
373,Leslie Williams,IT,2011-07-06,44,South Timothy,2893,Oui,Projet A,45,2248,4679,1182,4978,1242,1208,4153,4893,2837,4402,2125,4966,1444,78,2.7,Data Science,34716,36160,14,Senior,109.2
374,Todd King,IT,2010-12-06,46,Smithport,5225,Oui,Projet A,49,4300,4039,1100,4729,4822,2900,3603,4422,2126,2131,1464,2351,838,53,2.3,Python,62700,63538,15,Senior,79.5
375,Brenda Martin,Marketing,2013-10-24,50,Alyssaton,3266,Oui,Projet B,41,4097,1685,4786,2465,2601,4190,2243,1822,1139,1526,4338,2914,1630,95,3.5,Management,39192,40822,12,Senior,114.0
376,Jamie Lynch,Finance,2011-12-26,31,Thompsonland,4557,Non,Projet B,50,2518,2197,3403,4756,2371,1383,2173,1775,1452,2642,4786,3658,1674,96,1.3,Excel avanc�,54684,56358,14,Confirme,134.4
377,Valerie Buck,IT,2020-04-29,53,Wardside,2477,Oui,Projet A,45,2008,2487,4388,1856,4028,1834,2737,4734,2295,4030,3389,4438,747,53,3.4,Management,29724,30471,5,Senior,26.5
378,Taylor Bruce,Finance,2018-07-07,40,South Hollyland,6486,Oui,Projet A,35,3759,2732,1908,2456,4562,4826,2133,3890,1648,4637,2424,1567,1253,72,2.0,Data Science,77832,79085,7,Confirme,50.4
379,David Cameron,IT,2016-04-15,44,Anthonyfurt,3096,Oui,Projet B,47,2078,1687,1183,2345,4017,2756,2374,4641,2015,3093,1950,4087,1455,64,3.0,Management,37152,38607,9,Senior,57.6
380,Danny Baker,Finance,2022-03-11,59,Port Calvin,6622,Oui,Projet A,47,4691,2861,3250,2028,4328,1943,4780,2447,1832,2941,2469,4164,1252,71,4.0,Management,79464,80716,3,Senior,21.3
381,Deborah Gordon,Ventes,2016-05-11,32,Lake Ann,4956,Non,Projet A,46,3090,2602,4393,2966,3799,2271,4161,4606,3691,2973,1423,3093,871,53,4.5,Management,59472,60343,9,Confirme,47.7
382,Julian Alvarez,IT,2017-09-03,42,Marcton,5555,Oui,Projet B,41,1393,1901,3269,3935,2022,2488,2395,3623,1723,4384,4520,4436,1539,56,1.5,Python,66660,68199,8,Senior,44.8
383,Shelly Kramer,Marketing,2014-09-26,49,Rhondatown,4135,Oui,Projet A,50,3757,3812,3752,1335,1396,4857,3228,2056,3245,2016,2919,4570,734,91,2.5,Excel avanc�,49620,50354,11,Senior,100.1
384,Douglas Bartlett,Ventes,2012-04-20,59,Hensleystad,2957,Non,Projet B,43,2923,4961,4219,2151,4467,1814,1519,4516,4296,1638,1285,3978,1778,72,1.4,Data Science,35484,37262,13,Senior,93.6
385,Michelle Ortega,RH,2011-12-02,58,Mitchellmouth,6608,Non,Projet C,38,4618,4334,1217,4222,4723,4399,2930,2841,4705,3353,4724,3777,775,63,2.6,Excel avanc�,79296,80071,14,Senior,88.2
386,Cassandra Bowman,IT,2013-07-05,33,West Hector,2921,Non,Projet B,47,1012,3038,4168,4512,4559,3923,2211,2014,1246,3628,3591,2711,523,66,4.2,Management,35052,35575,12,Confirme,79.2
387,Ian Mills,Ventes,2011-02-12,58,West Bethanyland,3462,Oui,Projet A,40,4562,4145,2415,4370,2182,4508,2722,3215,3720,1197,4501,2098,973,95,2.7,Excel avanc�,41544,42517,14,Senior,133.0
388,Margaret Davis,Marketing,2015-06-04,36,North Christopherberg,5022,Oui,Projet C,42,3730,4071,3288,4943,2198,2441,2825,3814,4418,1403,4828,2963,615,85,4.1,Data Science,60264,60879,10,Confirme,85.0
389,Ariel Salazar,IT,2016-07-07,53,Boylebury,5986,Oui,Projet D,44,1375,1516,4133,4673,3111,1406,3993,4026,4286,1085,3024,3008,1466,76,3.1,Python,71832,73298,9,Senior,68.4
390,Kayla Young,IT,2012-05-28,57,Walshfurt,6097,Oui,Projet D,43,2876,3406,3777,2643,2154,2075,3075,4475,2877,4064,3236,1889,1377,64,3.6,Python,73164,74541,13,Senior,83.2
391,Dr. Bailey Acevedo DVM,Finance,2017-06-13,33,West Joshuahaven,6516,Oui,Projet C,42,2618,3177,1316,4642,3409,2354,1451,1118,2017,2287,4121,2441,1802,54,1.6,Management,78192,79994,8,Confirme,43.2
392,Jessica Davis,Finance,2022-05-01,55,Henryhaven,3097,Oui,Projet A,48,1017,4610,1223,3822,2590,4306,1529,2751,4560,4106,3385,3301,742,94,2.6,Data Science,37164,37906,3,Senior,28.2
393,Tiffany Nelson,RH,2021-10-02,25,New Michael,5780,Oui,Projet C,39,2460,4448,2420,4515,4291,2056,3472,2720,2541,4501,4530,2676,654,64,2.6,Data Science,69360,70014,4,Junior,25.6
394,Phyllis Henson,Marketing,2016-09-18,55,Vincentberg,2219,Oui,Projet C,37,3613,1729,4463,2812,1363,1128,4510,1562,1685,1317,1504,2502,1568,60,3.1,Python,26628,28196,9,Senior,54.0
395,Patricia Blanchard,Ventes,2024-06-19,59,Barberberg,2524,Oui,Projet C,47,2821,4379,3873,3548,3290,2998,1327,1804,2247,3007,2436,2729,1211,82,2.6,Python,30288,31499,1,Senior,8.2
396,Christopher Keller,Finance,2016-04-19,34,Hollystad,5309,Non,Projet A,47,4506,3807,4799,4137,3191,2893,3104,1170,3720,3548,1374,3268,1386,84,1.6,Excel avanc�,63708,65094,9,Confirme,75.6
397,Dennis Hall,Finance,2016-03-12,50,East Elizabeth,6130,Oui,Projet C,36,2039,2056,4640,1587,1598,3135,2433,3434,3495,2602,1620,1522,1471,93,3.9,Management,73560,75031,9,Senior,83.7
398,Crystal Strong,IT,2014-05-04,60,New Jose,4001,Non,Projet A,44,2949,1640,2851,4959,2412,1808,1404,1918,1425,3762,2642,2434,555,76,4.2,Management,48012,48567,11,Senior,83.6
399,Jennifer Jenkins,Ventes,2024-01-12,27,West Craigmouth,4544,Oui,Projet C,43,4535,4087,1757,4310,3590,4087,4253,1693,4631,4107,3830,2460,1198,61,3.8,Management,54528,55726,1,Junior,6.1
400,Christopher Gonzalez,Finance,2012-07-19,43,Lake Kenneth,4271,Oui,Projet D,43,2206,2188,2674,4429,1454,1192,3345,4407,3488,3634,4950,2441,1554,60,2.6,Python,51252,52806,13,Senior,78.0
401,Emma Holt,IT,2017-03-28,57,North Brittany,6194,Non,Projet C,46,4246,1878,4395,4496,2511,4706,4003,3794,1795,3424,2688,3084,1763,91,4.1,Python,74328,76091,8,Senior,72.8
402,David Alexander,IT,2022-04-01,57,Mclaughlinborough,4091,Non,Projet B,37,1121,1788,4268,4220,1218,3452,4733,3462,1918,1859,1855,1189,1243,61,2.9,Excel avanc�,49092,50335,3,Senior,18.3
403,Mr. Matthew Shields,RH,2016-02-15,38,Lake Barbara,4960,Oui,Projet D,37,1154,4856,2622,1120,1128,4327,2369,1812,3757,2146,4727,4030,1069,100,1.2,Python,59520,60589,9,Confirme,90.0
404,Troy Silva,RH,2020-12-13,59,Port Michael,4361,Oui,Projet D,42,3543,2561,2347,3366,1334,1437,4168,4111,2393,2983,2425,2627,1190,62,2.2,Management,52332,53522,5,Senior,31.0
405,Denise Lawrence,Marketing,2019-09-18,40,West Jason,3962,Non,Projet A,35,3740,4308,3154,3043,4969,3902,1408,3523,2057,3731,3036,2404,538,59,1.8,Management,47544,48082,6,Confirme,35.4
406,Jessica Mckenzie,RH,2019-09-27,39,Danielburgh,3123,Non,Projet D,38,2853,3929,2950,2334,2417,1943,3667,2510,3014,2942,3427,3687,1246,75,1.3,Python,37476,38722,6,Confirme,45.0
407,Joshua Odonnell,Ventes,2013-06-05,53,Beardmouth,4446,Non,Projet A,50,4482,2304,4142,2956,4872,3844,3473,2335,1117,4367,1111,1356,662,85,4.9,Data Science,53352,54014,12,Senior,102.0
408,Jessica Ryan,Marketing,2011-10-07,37,West Patrickshire,3295,Oui,Projet C,50,4697,3198,4502,1290,1213,1604,4439,4375,2566,2466,4568,4809,1324,76,4.8,Excel avanc�,39540,40864,14,Confirme,106.4
409,Patricia Perry,RH,2012-08-15,58,Kimberlyton,4314,Oui,Projet D,38,3737,4519,3311,4103,3000,3446,4554,1186,2332,2402,1294,1295,1470,52,1.5,Python,51768,53238,13,Senior,67.6
410,Keith Bryant,Marketing,2015-02-11,23,East Robertbury,3037,Oui,Projet B,35,1444,3177,2472,3211,1123,1881,1537,3583,3877,4279,2075,2334,1192,67,4.0,Data Science,36444,37636,10,Junior,67.0
411,Shelly Suarez,Marketing,2022-07-20,30,North Virginiahaven,5535,Oui,Projet D,50,4958,1887,3519,3382,2188,1284,3954,2590,1523,2517,2364,4284,893,59,1.1,Excel avanc�,66420,67313,3,Confirme,17.7
412,Aaron Gordon,RH,2017-05-17,26,Duranburgh,4942,Non,Projet A,40,2682,4408,3832,2496,1599,3596,3976,1052,1746,2148,4263,4059,714,66,1.0,Data Science,59304,60018,8,Junior,52.8
413,Andrea Robles,Marketing,2010-10-26,39,Port Robinview,3779,Non,Projet D,40,4519,1976,3942,2790,3033,2495,1324,3746,1232,2924,4001,2662,1149,93,1.2,Management,45348,46497,15,Confirme,139.5
414,Erika Garza,IT,2013-10-20,28,Jenniferburgh,6230,Non,Projet C,45,3299,1335,3918,2432,4429,1473,1645,1032,2482,3313,3516,3593,1722,74,3.8,Excel avanc�,74760,76482,12,Junior,88.8
415,Emily Stone,Finance,2022-01-25,30,Johnsonville,6009,Oui,Projet D,36,1311,1374,1960,3728,4264,3683,2253,1092,3696,1563,4852,4843,1218,90,2.3,Python,72108,73326,3,Confirme,27.0
416,Tara Johnson,IT,2012-11-30,25,West Ricky,2275,Oui,Projet B,38,1058,2750,4927,3155,3911,2056,2123,3391,2946,3325,3294,1520,916,78,1.9,Excel avanc�,27300,28216,13,Junior,101.4
417,Jennifer Morris,Ventes,2021-07-07,22,North Cody,6047,Non,Projet C,39,1768,3475,2334,2437,1678,3903,1274,2766,4347,3865,2389,3410,998,92,4.7,Data Science,72564,73562,4,Junior,36.8
418,Raymond Booker,IT,2015-01-28,59,Mcbridemouth,6730,Oui,Projet C,35,1698,2642,3066,1683,2414,3999,2919,2866,4569,2566,1225,1239,1051,83,3.1,Data Science,80760,81811,10,Senior,83.0
419,Amber Ramirez,RH,2024-09-14,42,Port Stephanie,4738,Oui,Projet C,35,4221,2627,3719,2686,2398,4566,3864,1743,1931,2217,2862,3468,594,100,1.3,Management,56856,57450,1,Senior,10.0
420,Sherri Freeman,Ventes,2011-01-07,33,Kristaview,2256,Oui,Projet B,50,2430,3980,3181,1845,1350,2671,1472,4921,4744,3010,2390,4645,1638,81,3.5,Python,27072,28710,14,Confirme,113.4
421,Sandra Hopkins,IT,2019-06-29,53,Wrightbury,5007,Oui,Projet A,37,4463,4624,2172,4651,4230,4663,1146,4290,2681,4009,3313,1979,1536,86,3.2,Python,60084,61620,6,Senior,51.6
422,Michael Ford,RH,2018-04-04,27,New Amber,2357,Non,Projet D,48,3261,2640,1523,1902,2767,4701,3020,4284,3700,3664,3281,2072,1913,99,1.4,Management,28284,30197,7,Junior,69.3
423,Briana Faulkner,Ventes,2018-09-16,31,North Brenda,3615,Non,Projet C,35,2135,4558,3788,3613,1612,1595,4385,3409,2452,2637,2205,2841,1277,50,3.2,Python,43380,44657,7,Confirme,35.0
424,Joseph Mercer,RH,2023-07-27,32,Jameston,5113,Non,Projet A,49,3951,1701,3467,2527,4683,3516,3238,4394,2406,1321,3937,2783,996,56,4.7,Excel avanc�,61356,62352,2,Confirme,11.2
425,Mrs. Rebecca Graham PhD,Ventes,2017-04-13,47,Gentryborough,3772,Non,Projet C,36,4003,1655,1217,1856,4874,2461,2630,2046,1904,3121,1892,4041,976,66,1.5,Management,45264,46240,8,Senior,52.8
426,Justin Garcia,RH,2018-12-09,32,Matthewside,3620,Oui,Projet B,49,3167,3471,4683,1139,4729,4604,1608,2826,1595,4657,3961,3131,713,89,4.4,Data Science,43440,44153,7,Confirme,62.3
427,Elizabeth Stewart,Finance,2018-02-27,27,North Phillip,5185,Non,Projet A,40,1552,2098,4237,2920,3367,3846,2545,2597,2072,1351,2457,2335,1051,64,2.2,Data Science,62220,63271,7,Junior,44.8
428,Jonathan Hoover,RH,2019-07-13,49,Ingramburgh,2662,Oui,Projet D,45,2769,2570,3227,3021,3992,2472,3719,4050,2145,3743,1173,3549,667,100,4.5,Data Science,31944,32611,6,Senior,60.0
429,David Wilson,RH,2020-10-10,60,West Erin,4375,Non,Projet C,39,4963,2851,3944,1382,3813,3593,2563,4898,2669,1115,2218,2221,883,76,3.1,Excel avanc�,52500,53383,5,Senior,38.0
430,Rachael Perez,Ventes,2016-10-11,53,Martinfort,4558,Non,Projet D,43,1757,4833,2645,3995,3475,2656,2482,2388,1459,4227,4533,4770,555,93,4.1,Python,54696,55251,9,Senior,83.7
431,Caleb Mack,Ventes,2023-08-15,60,Heatherview,3402,Non,Projet B,41,2229,4038,3955,4364,1673,1777,4718,1393,4210,1949,1100,3911,1289,53,2.6,Excel avanc�,40824,42113,2,Senior,10.6
432,Dana Nguyen,Marketing,2011-05-24,50,South Katherinemouth,5003,Oui,Projet B,37,1297,1115,1363,4360,4855,3226,4646,1620,3004,4572,4976,3162,1454,60,1.1,Data Science,60036,61490,14,Senior,84.0
433,Meredith Summers,RH,2024-03-02,49,Amyland,5748,Oui,Projet B,38,2656,4704,1752,4718,1696,1415,3254,1668,2886,1493,4107,2002,1644,55,2.5,Excel avanc�,68976,70620,1,Senior,5.5
434,Alexander Lopez,IT,2020-04-26,30,Michaelfurt,4600,Non,Projet D,37,3826,1169,1006,4653,3819,3007,1055,4521,1671,2944,4438,3634,1109,55,2.1,Excel avanc�,55200,56309,5,Confirme,27.5
435,Bonnie Griffin,RH,2012-11-23,60,West Patricia,2515,Non,Projet C,44,4264,2719,2813,3706,3419,3254,4575,1444,1684,2835,1282,4085,791,84,1.1,Python,30180,30971,13,Senior,109.2
436,Alicia Sampson,IT,2021-11-04,24,Vaughnchester,5653,Oui,Projet C,36,3825,2933,3915,2440,3407,3915,3088,1779,4099,3413,1754,3429,1458,52,3.2,Data Science,67836,69294,4,Junior,20.8
437,Dylan Ortiz,RH,2022-09-01,47,South Jamesside,3821,Oui,Projet A,38,3662,3866,2341,4534,3937,1894,1755,3408,4124,4965,1177,1888,888,83,3.6,Data Science,45852,46740,3,Senior,24.9
438,Misty Gray,Marketing,2011-03-24,44,Dominiqueborough,2294,Oui,Projet A,38,4726,1214,3817,2907,1564,1750,1382,4915,2886,2209,1907,2284,692,72,1.0,Management,27528,28220,14,Senior,100.8
439,Rodney Peterson,Finance,2011-09-04,42,Lake Jasonhaven,3300,Non,Projet A,35,3858,4310,4586,3640,1100,2716,1427,4573,2406,1183,4082,3413,1713,95,3.8,Management,39600,41313,14,Senior,133.0
440,Kyle Shields,Ventes,2022-04-21,26,Huntchester,6814,Non,Projet C,37,1967,2423,1548,4303,2225,1205,1838,1543,1249,2340,4679,3276,1054,80,3.8,Management,81768,82822,3,Junior,24.0
441,John Molina,IT,2013-05-03,26,Leefort,5117,Non,Projet C,36,1485,4556,1628,3077,3165,4273,1153,2352,4878,4290,3424,1808,1801,81,4.9,Data Science,61404,63205,12,Junior,97.2
442,Deborah Cross,IT,2014-02-19,26,West Hayden,6637,Oui,Projet A,38,2967,1133,3133,4420,4348,1104,2440,3114,2308,3014,4046,2315,1185,97,2.8,Data Science,79644,80829,11,Junior,106.7
443,Maria Bautista,IT,2023-10-31,49,Mccoyview,2258,Oui,Projet A,44,2732,3080,1771,2425,2041,2189,1252,3485,2105,4149,4543,1494,1221,78,2.3,Python,27096,28317,2,Senior,15.6
444,Christopher Stafford,RH,2014-02-24,44,Guerrahaven,3384,Oui,Projet A,38,2420,4580,1248,4667,3597,4665,2064,1161,1726,3309,3814,3595,1671,85,3.1,Data Science,40608,42279,11,Senior,93.5
445,Randy Hall,Finance,2024-08-22,26,Smithland,2218,Oui,Projet C,36,1016,3370,2912,3643,3333,1534,2987,2266,3482,2123,3417,3317,1137,85,3.3,Excel avanc�,26616,27753,1,Junior,8.5
446,Dr. Erin Nelson,Marketing,2023-02-14,23,Davidsonfort,3431,Oui,Projet D,50,4585,3281,4964,3207,1326,3361,2500,3843,1585,1686,4514,4655,1388,97,2.9,Data Science,41172,42560,2,Junior,19.4
447,Janet Hughes,RH,2022-08-21,23,Kellyton,6566,Oui,Projet D,42,1226,1554,4340,3044,1303,3815,4918,3032,1101,2338,3736,1665,1039,86,3.1,Management,78792,79831,3,Junior,25.8
448,Chelsea White,Marketing,2019-01-28,49,Jasonborough,6613,Non,Projet D,43,1114,1814,2354,2539,3703,1758,4912,3378,1432,2201,2491,1811,737,84,3.1,Management,79356,80093,6,Senior,50.4
449,Karen Gregory,Ventes,2019-11-17,48,Port Jason,3295,Oui,Projet A,48,2947,3192,2810,1922,2415,2269,2933,4067,4999,3457,3113,1260,1457,85,3.7,Data Science,39540,40997,6,Senior,51.0
450,Jacob Green,Finance,2016-06-28,60,Burkeside,2229,Non,Projet D,38,3063,2733,1184,4070,2594,3995,2329,2441,1458,1342,3921,2172,1974,86,3.5,Data Science,26748,28722,9,Senior,77.4
451,Craig White,IT,2022-10-24,56,Johnfort,5700,Non,Projet C,37,3822,2358,4576,2470,2450,1938,3219,3262,1146,3346,3918,1586,764,69,2.9,Excel avanc�,68400,69164,3,Senior,20.7
452,Randy Pierce,Finance,2018-12-08,51,Port Christopher,6450,Oui,Projet B,39,2970,2414,2909,1402,4070,4189,1091,2942,3327,4665,3193,3711,784,91,2.1,Data Science,77400,78184,7,Senior,63.7
453,Christopher Burns,IT,2022-04-23,55,East Krista,5714,Oui,Projet D,50,4093,2558,4199,2358,2269,2394,3329,4987,4241,1948,3948,1555,1524,100,4.5,Python,68568,70092,3,Senior,30.0
454,Colleen Jones,Ventes,2011-12-13,50,Lesterburgh,3123,Oui,Projet A,40,4022,1597,1079,4965,2043,2833,3341,3883,1198,3131,4102,4294,1517,90,2.2,Data Science,37476,38993,14,Senior,126.0
455,Sabrina Ramirez,IT,2023-06-07,48,North Kayla,2946,Non,Projet B,45,3419,2405,3415,2877,2997,1242,1908,3890,2082,2148,1088,1409,1652,86,2.8,Management,35352,37004,2,Senior,17.2
456,Roger Freeman,IT,2013-06-19,34,West Keith,3710,Oui,Projet B,44,2681,3058,3587,1801,1693,3001,4922,4347,1128,4039,2545,3043,1457,100,3.5,Management,44520,45977,12,Confirme,120.0
457,Anthony King,RH,2015-06-30,38,New Jeffrey,6312,Non,Projet A,41,3030,1142,2965,3458,3371,4966,3934,2909,1059,2668,2189,3112,1358,91,3.0,Management,75744,77102,10,Confirme,91.0
458,Randall Johnson,Ventes,2012-10-21,23,South Jaclyn,2148,Oui,Projet C,41,4669,4949,4434,4742,4555,3357,2223,4340,2803,3025,2959,4249,1068,91,3.0,Data Science,25776,26844,13,Junior,118.3
459,Kathryn Moyer,Finance,2012-07-20,58,Ashleyhaven,3493,Non,Projet C,46,3501,4881,4848,3530,4344,4791,4391,3016,4037,1109,2141,3758,1501,90,4.4,Data Science,41916,43417,13,Senior,117.0
460,Steven Mathis,IT,2024-06-23,48,Hallfurt,5549,Non,Projet B,37,3323,4173,4625,4839,4361,3505,2843,4666,3626,3765,3148,4646,1920,94,4.8,Data Science,66588,68508,1,Senior,9.4
461,Elizabeth Hall,Finance,2024-03-02,51,North Willie,2712,Non,Projet D,49,2911,1967,3496,2050,2339,2634,4608,4528,4737,3033,1639,4496,1701,76,2.7,Excel avanc�,32544,34245,1,Senior,7.6
462,Kenneth Kelly,Finance,2020-06-02,56,Davismouth,5007,Non,Projet D,48,4763,3115,4745,4329,4738,1068,3390,3043,4985,3049,4124,3021,1398,77,3.6,Python,60084,61482,5,Senior,38.5
463,Haley Clark MD,RH,2015-08-16,22,West Debrahaven,6465,Oui,Projet A,43,3849,2523,1969,1444,1341,3315,3986,4382,1537,2653,3618,1474,1755,86,3.7,Excel avanc�,77580,79335,10,Junior,86.0
464,Jennifer Harrison,Marketing,2024-07-24,58,Port Paul,3349,Non,Projet B,47,1498,3467,2983,2738,3666,1555,4371,3921,1029,2546,2619,1090,700,54,1.1,Data Science,40188,40888,1,Senior,5.4
465,Luis Oliver,Marketing,2010-11-21,38,New Timothy,4835,Non,Projet B,37,4352,1302,3501,2749,3440,2920,3173,3972,1096,1840,2973,4889,1792,80,2.4,Management,58020,59812,15,Confirme,120.0
466,Connie Spencer,Finance,2011-09-18,31,South Jodihaven,4908,Non,Projet A,50,3296,3740,4084,2909,3987,1835,2710,1711,2748,3254,1704,3611,908,68,3.3,Data Science,58896,59804,14,Confirme,95.2
467,Jennifer Kelly,Marketing,2015-02-12,37,Port Megan,3457,Non,Projet C,50,1064,2608,3443,3064,1158,4581,1555,4044,3914,4855,1078,4257,1388,85,4.7,Excel avanc�,41484,42872,10,Confirme,85.0
468,Ashley Anderson,IT,2012-11-24,58,East Brenda,4603,Oui,Projet A,47,2170,1017,1113,1163,1072,3953,2128,4102,1118,2269,3063,2153,1218,73,4.3,Excel avanc�,55236,56454,13,Senior,94.9
469,Sarah Wallace,Marketing,2013-03-15,37,New Melissa,2023,Oui,Projet C,47,4849,2903,2404,1074,3487,2291,1505,3134,4690,2210,2561,3279,868,56,1.5,Data Science,24276,25144,12,Confirme,67.2
470,Travis Wright,Finance,2014-08-01,41,Walterside,4825,Oui,Projet D,50,3159,1615,4138,1142,4181,4159,1272,4822,2409,3797,4258,1214,1426,59,3.0,Management,57900,59326,11,Senior,64.9
471,Joy Fuller,IT,2018-04-23,51,Willieland,4329,Non,Projet B,37,1339,3994,1270,1195,2663,4269,4699,4958,1524,3166,2708,3298,853,97,4.6,Python,51948,52801,7,Senior,67.9
472,Nicholas Bryant,Ventes,2022-06-08,53,Edwardsside,6317,Non,Projet B,37,2704,2317,4189,1024,3477,3138,4897,2961,4416,1477,3674,1541,1796,65,2.8,Data Science,75804,77600,3,Senior,19.5
473,Carla May,RH,2022-01-07,38,North Krystal,5298,Oui,Projet A,44,1721,4458,2419,2602,1477,1905,4118,2778,1604,2213,3471,3524,1113,100,4.5,Management,63576,64689,3,Confirme,30.0
474,Richard Jefferson,Finance,2023-04-21,33,Port Laura,4363,Non,Projet A,39,4665,2095,3733,3357,4786,3322,2405,4137,3092,3834,1914,2758,1561,53,2.5,Excel avanc�,52356,53917,2,Confirme,10.6
475,Cameron Hahn,Ventes,2011-11-27,45,Port Jostad,5434,Non,Projet B,45,2061,1899,1409,2850,2814,3420,3183,4447,1601,3137,2196,4302,1952,74,3.1,Data Science,65208,67160,14,Senior,103.6
476,Edward Gomez,Marketing,2011-08-27,22,West Jason,6977,Non,Projet A,42,1795,3112,4036,1584,3391,2442,3667,2733,1675,4073,4895,2235,1243,65,2.3,Data Science,83724,84967,14,Junior,91.0
477,Carly Patton,IT,2017-08-24,52,Lake Jeffreyfurt,3879,Oui,Projet D,41,4009,4800,3615,3922,1323,2247,1771,1469,2234,1544,4161,1806,685,94,3.6,Management,46548,47233,8,Senior,75.2
478,Carol Baldwin,RH,2018-09-01,58,South Stevenside,3788,Non,Projet D,38,2928,3189,3515,2027,1840,1724,3113,1279,1395,4090,1832,2500,1178,80,1.0,Data Science,45456,46634,7,Senior,56.0
479,Jonathan Mayer MD,Finance,2017-08-03,28,North Kellieberg,5356,Non,Projet D,35,3515,3189,3601,4067,2389,2781,2175,3575,4871,1538,1412,3201,1960,90,3.0,Management,64272,66232,8,Junior,72.0
480,Scott Perez,Marketing,2012-03-01,58,Wilsonfurt,6131,Non,Projet A,35,1262,2185,3064,2064,4316,4012,3257,1718,4248,1253,4380,1660,724,64,1.5,Excel avanc�,73572,74296,13,Senior,83.2
481,Jordan Avila,IT,2014-06-29,24,Moyerchester,3786,Non,Projet B,46,1718,3425,3670,1971,2597,4576,3828,1878,4341,1643,3256,4298,1475,53,3.3,Python,45432,46907,11,Junior,58.3
482,Stephen Porter,Marketing,2018-08-07,58,Zacharyville,4135,Non,Projet D,50,3564,2377,1972,2355,3413,1815,4709,1861,1008,1203,4558,4899,1975,73,1.7,Data Science,49620,51595,7,Senior,51.1
483,Maurice Livingston,Marketing,2024-01-13,53,Bryantport,5653,Oui,Projet C,50,3493,1864,1868,1647,2942,3568,1666,3261,4762,2685,1188,2105,1492,79,3.2,Management,67836,69328,1,Senior,7.9
484,Antonio Blankenship,Marketing,2021-11-14,24,Scottside,6630,Oui,Projet B,49,3589,3487,4327,3374,2660,2238,1121,2113,2708,3865,4159,3946,1535,97,4.1,Python,79560,81095,4,Junior,38.8
485,Michele Delgado,IT,2015-06-24,31,Smithside,4808,Oui,Projet B,47,1294,4583,1235,1794,1875,3219,1980,1890,1748,1588,1975,4101,1900,53,2.1,Python,57696,59596,10,Confirme,53.0
486,Elizabeth Cannon,Finance,2016-09-10,33,Kaylaside,6660,Oui,Projet C,37,2243,3420,1121,3818,4024,1758,4307,3168,3323,4416,1433,3836,650,89,2.9,Excel avanc�,79920,80570,9,Confirme,80.1
487,Laura Fox,Ventes,2014-01-19,33,Port Nathanfurt,3523,Oui,Projet A,36,2304,3394,4702,1635,2571,3861,2496,1007,3252,1114,4545,3718,1562,52,4.7,Data Science,42276,43838,11,Confirme,57.2
488,Haley Shelton,Finance,2015-05-15,59,Pricemouth,6796,Non,Projet B,37,4397,1178,3326,1588,2107,2598,2260,3234,3949,1028,3363,4627,1604,57,3.7,Python,81552,83156,10,Senior,57.0
489,Natalie Mendoza,IT,2013-08-22,26,South Kevintown,4218,Non,Projet B,39,1131,3001,2889,3908,4328,2430,2611,4368,1272,3838,2984,2125,993,86,3.4,Python,50616,51609,12,Junior,103.2
490,Ann Mccarthy,RH,2015-05-04,54,North Bryan,3237,Oui,Projet C,36,2068,1028,2194,3500,4686,2036,4022,4553,3603,3419,2249,4981,1540,52,2.2,Data Science,38844,40384,10,Senior,52.0
491,Dylan Sherman,IT,2012-01-14,52,Gregorychester,2044,Non,Projet D,47,2710,1798,3176,4725,1447,4164,1048,3110,3096,3535,4797,4595,656,50,3.7,Python,24528,25184,13,Senior,65.0
492,Joseph Gutierrez,RH,2012-12-21,50,Garciachester,4469,Non,Projet D,41,4548,4927,1429,1125,1797,1935,4327,3439,4366,4154,2470,3544,757,73,2.5,Management,53628,54385,13,Senior,94.9
493,Darrell Mccoy,Finance,2021-04-06,47,New Jerrymouth,4334,Non,Projet C,47,3689,4144,1620,1354,2899,3742,4253,4833,1747,3502,4128,3626,1700,58,1.2,Python,52008,53708,4,Senior,23.2
494,James Lee,RH,2011-08-20,60,West Michaelstad,3890,Non,Projet D,50,1651,2184,3091,3048,4739,4567,1232,3531,3852,4217,3404,4268,1074,98,3.0,Data Science,46680,47754,14,Senior,137.2
495,Dylan Robbins,IT,2020-08-21,35,New Michelle,4870,Oui,Projet C,38,4894,2643,4465,2586,4605,2806,3786,4404,2843,2529,2518,1793,1466,81,4.1,Management,58440,59906,5,Confirme,40.5
496,Courtney Case,Finance,2023-11-14,32,East Christianfort,4252,Oui,Projet C,45,2213,2090,1813,2106,2411,1386,2219,2484,2390,1247,2434,4804,1751,52,3.8,Management,51024,52775,2,Confirme,10.4
497,Tyler Miranda,Ventes,2014-11-16,45,North Victoriaport,4993,Non,Projet A,50,3595,1456,3452,1625,3016,2986,1051,1975,4653,1408,4164,2022,571,100,4.5,Python,59916,60487,11,Senior,110.0
498,Jacqueline Cooper,IT,2018-10-04,58,Goodwinview,4875,Non,Projet B,50,1972,2386,4134,2057,1188,3127,4295,4219,4828,4313,2135,1268,1985,69,4.2,Python,58500,60485,7,Senior,48.3
499,Tricia Walker,RH,2017-06-05,38,Andrewbury,4081,Oui,Projet B,39,2693,4148,2401,4318,3232,1649,1736,1132,3099,2304,1084,2657,1794,78,3.3,Python,48972,50766,8,Confirme,62.4
500,Julie Austin,RH,2011-01-12,28,Lake Morgan,2767,Oui,Projet B,37,3697,1627,3530,4684,2973,3277,4284,3753,2609,3051,4629,1580,1400,85,2.3,Data Science,33204,34604,14,Junior,119.0
